"Filename","Lead","Year","Type","Sample","DNLeaf","SampleDate","RunDate_text","RunDate","GCOrder"
"A117DAug16_09012018.qgd","A117DAug16",2018,"A","117D",,"Aug16",9012018,2018-09-01,
"A117DCoolAug10_08292018.qgd","A117DCoolAug10",2018,"A","117DCool",,"Aug10",8292018,2018-08-29,
"A117NAug10_08302018.qgd","A117NAug10",2018,"A","117N",,"Aug10",8302018,2018-08-30,
"A128DAug16_09012018.qgd","A128DAug16",2018,"A","128D",,"Aug16",9012018,2018-09-01,
"A128DWarmAug10_08292018.qgd","A128DWarmAug10",2018,"A","128DWarm",,"Aug10",8292018,2018-08-29,
"A128NAug10_08292018.qgd","A128NAug10",2018,"A","128N",,"Aug10",8292018,2018-08-29,
"A128NAug15_09012018.qgd","A128NAug15",2018,"A","128N",,"Aug15",9012018,2018-09-01,
"A139DAug16_09012018.qgd","A139DAug16",2018,"A","139D",,"Aug16",9012018,2018-09-01,
"A139DCoolAug10_08292018.qgd","A139DCoolAug10",2018,"A","139DCool",,"Aug10",8292018,2018-08-29,
"A139NAug10_08302018.qgd","A139NAug10",2018,"A","139N",,"Aug10",8302018,2018-08-30,
"A139NAug15_09012018.qgd","A139NAug15",2018,"A","139N",,"Aug15",9012018,2018-09-01,
"A141DWarmAug10_08292018.qgd","A141DWarmAug10",2018,"A","141DWarm",,"Aug10",8292018,2018-08-29,
"A141NAug10_08302018.qgd","A141NAug10",2018,"A","141N",,"Aug10",8302018,2018-08-30,
"A141redoDWarmAug10_08292018.qgd","A141redoDWarmAug10",2018,"A","141redoDWarm",,"Aug10",8292018,2018-08-29,
"A150DAug16_09012018.qgd","A150DAug16",2018,"A","150D",,"Aug16",9012018,2018-09-01,
"A150NAug15_09012018.qgd","A150NAug15",2018,"A","150N",,"Aug15",9012018,2018-09-01,
"A179DAug15_09012018.qgd","A179DAug15",2018,"A","179D",,"Aug15",9012018,2018-09-01,
"A179DCoolAug10_08292018.qgd","A179DCoolAug10",2018,"A","179DCool",,"Aug10",8292018,2018-08-29,
"A179NAug10_08302018.qgd","A179NAug10",2018,"A","179N",,"Aug10",8302018,2018-08-30,
"A179NAug15_09012018.qgd","A179NAug15",2018,"A","179N",,"Aug15",9012018,2018-09-01,
"A188DAug16_09012018.qgd","A188DAug16",2018,"A","188D",,"Aug16",9012018,2018-09-01,
"A188DCoolAug10_08292018.qgd","A188DCoolAug10",2018,"A","188DCool",,"Aug10",8292018,2018-08-29,
"A188DredoAug16renamed_09022018.qgd","A188DredoAug16renamed",2018,"A","188Dredo",,"Aug16renamed",9022018,2018-09-02,
"A188NAug10_08292018.qgd","A188NAug10",2018,"A","188N",,"Aug10",8292018,2018-08-29,
"A188NAug15_09012018.qgd","A188NAug15",2018,"A","188N",,"Aug15",9012018,2018-09-01,
"A198DAug16_09012018.qgd","A198DAug16",2018,"A","198D",,"Aug16",9012018,2018-09-01,
"A198DWarmAug10_08292018.qgd","A198DWarmAug10",2018,"A","198DWarm",,"Aug10",8292018,2018-08-29,
"A198NAug10_08292018.qgd","A198NAug10",2018,"A","198N",,"Aug10",8292018,2018-08-29,
"A198NAug15_09012018.qgd","A198NAug15",2018,"A","198N",,"Aug15",9012018,2018-09-01,
"A200DAug16_09012018.qgd","A200DAug16",2018,"A","200D",,"Aug16",9012018,2018-09-01,
"A200DCoolAug10_08292018.qgd","A200DCoolAug10",2018,"A","200DCool",,"Aug10",8292018,2018-08-29,
"A200NAug10_08302018.qgd","A200NAug10",2018,"A","200N",,"Aug10",8302018,2018-08-30,
"A200NAug15_09012018.qgd","A200NAug15",2018,"A","200N",,"Aug15",9012018,2018-09-01,
"A74DWarmAug10_08292018.qgd","A74DWarmAug10",2018,"A","74DWarm",,"Aug10",8292018,2018-08-29,
"A74NAug10_08292018.qgd","A74NAug10",2018,"A","74N",,"Aug10",8292018,2018-08-29,
"Air1July27redo_09022018.qgd","Air1July27redo",2018,"Air","1",,"July27redo",9022018,2018-09-02,
"Air1renamedJuly25_08312018.qgd","Air1renamedJuly25",2018,"Air","1renamed",,"July25",8312018,2018-08-31,
"Air2July25redo_08312018.qgd","Air2July25redo",2018,"Air","2",,"July25redo",8312018,2018-08-31,
"Air2renamedJuly25_08312018.qgd","Air2renamedJuly25",2018,"Air","2renamed",,"July25",8312018,2018-08-31,
"Air2renamedJuly27_09022018.qgd","Air2renamedJuly27",2018,"Air","2renamed",,"July27",9022018,2018-09-02,
"Air3July27_09022018.qgd","Air3July27",2018,"Air","3",,"July27",9022018,2018-09-02,
"Air3renamedJuly25_08312018.qgd","Air3renamedJuly25",2018,"Air","3renamed",,"July25",8312018,2018-08-31,
"Air4July27_09022018.qgd","Air4July27",2018,"Air","4",,"July27",9022018,2018-09-02,
"AirC11Aug15_09012018.qgd","AirC11Aug15",2018,"Air","C11",,"Aug15",9012018,2018-09-01,
"AirC12Aug15_09012018.qgd","AirC12Aug15",2018,"Air","C12",,"Aug15",9012018,2018-09-01,
"AirC13Aug16_08312018.qgd","AirC13Aug16",2018,"Air","C13",,"Aug16",8312018,2018-08-31,
"AirC14DAug16_09012018.qgd","AirC14DAug16",2018,"Air","C14D",,"Aug16",9012018,2018-09-01,
"AirC1Aug10_08292018.qgd","AirC1Aug10",2018,"Air","C1",,"Aug10",8292018,2018-08-29,
"AirC2Aug10_08292018.qgd","AirC2Aug10",2018,"Air","C2",,"Aug10",8292018,2018-08-29,
"AirC3NAug10_08292018.qgd","AirC3NAug10",2018,"Air","C3N",,"Aug10",8292018,2018-08-29,
"AirC4Aug10_08302018.qgd","AirC4Aug10",2018,"Air","C4",,"Aug10",8302018,2018-08-30,
"AirJuly26_08312018.qgd","AirJuly26",2018,"Air",,,"July26",8312018,2018-08-31,
"AirlastJuly25_08312018.qgd","AirlastJuly25",2018,"Air","last",,"July25",8312018,2018-08-31,
"AirNrenamedJuly25_08312018.qgd","AirNrenamedJuly25",2018,"Air","Nrenamed",,"July25",8312018,2018-08-31,
"AirW11Aug15_09012018.qgd","AirW11Aug15",2018,"Air","W11",,"Aug15",9012018,2018-09-01,
"AirW12Aug15_09012018.qgd","AirW12Aug15",2018,"Air","W12",,"Aug15",9012018,2018-09-01,
"AirW13Aug16_08312018.qgd","AirW13Aug16",2018,"Air","W13",,"Aug16",8312018,2018-08-31,
"AirW14Aug16_09012018.qgd","AirW14Aug16",2018,"Air","W14",,"Aug16",9012018,2018-09-01,
"AirW1Aug10_08292018.qgd","AirW1Aug10",2018,"Air","W1",,"Aug10",8292018,2018-08-29,
"AirW2Aug10_08292018.qgd","AirW2Aug10",2018,"Air","W2",,"Aug10",8292018,2018-08-29,
"AirW3NAug10_08292018.qgd","AirW3NAug10",2018,"Air","W3N",,"Aug10",8292018,2018-08-29,
"AirW4Aug10_08302018.qgd","AirW4Aug10",2018,"Air","W4",,"Aug10",8302018,2018-08-30,
"Bake_08292018.qgd","Bake",2018,"Bake",,,,8292018,2018-08-29,
"Bake_09012018.qgd","Bake",2018,"Bake",,,,9012018,2018-09-01,
"BakerenamedJuly27_09022018.qgd","BakerenamedJuly27",2018,"Bake",,,"July27",9022018,2018-09-02,
"Blank_08302018.qgd","Blank",2018,"Blank",,,,8302018,2018-08-30,
"Blank_08312018.qgd","Blank",2018,"Blank",,,,8312018,2018-08-31,
"Blank_09012018.qgd","Blank",2018,"Blank",,,,9012018,2018-09-01,
"Blank_09022018.qgd","Blank",2018,"Blank",,,,9022018,2018-09-02,
"Blank2_08292018.qgd","Blank2",2018,"Blank",,,,8292018,2018-08-29,
"Blank2_08302018.qgd","Blank2",2018,"Blank",,,,8302018,2018-08-30,
"Blank2_08312018.qgd","Blank2",2018,"Blank",,,,8312018,2018-08-31,
"CWbb10July27_09012018.qgd","CWbb10July27",2018,"bb","10",,"July27",9012018,2018-09-01,
"CWbb123July27_09022018.qgd","CWbb123July27",2018,"bb","123",,"July27",9022018,2018-09-02,
"CWbb13July27renamed_09022018.qgd","CWbb13July27renamed",2018,"bb","13",,"July27renamed",9022018,2018-09-02,
"CWbb14renamedJuly27_09022018.qgd","CWbb14renamedJuly27",2018,"bb","14renamed",,"July27",9022018,2018-09-02,
"CWbb15renamedJuly27_09022018.qgd","CWbb15renamedJuly27",2018,"bb","15renamed",,"July27",9022018,2018-09-02,
"CWbb2July27_09022018.qgd","CWbb2July27",2018,"bb","2",,"July27",9022018,2018-09-02,
"CWbb348July27_09022018.qgd","CWbb348July27",2018,"bb","348",,"July27",9022018,2018-09-02,
"CWbb353July27_09022018.qgd","CWbb353July27",2018,"bb","353",,"July27",9022018,2018-09-02,
"CWbb3July27_09022018.qgd","CWbb3July27",2018,"bb","3",,"July27",9022018,2018-09-02,
"CWbb4July27_09022018.qgd","CWbb4July27",2018,"bb","4",,"July27",9022018,2018-09-02,
"CWbb5July27_09022018.qgd","CWbb5July27",2018,"bb","5",,"July27",9022018,2018-09-02,
"CWbb6July27_09022018.qgd","CWbb6July27",2018,"bb","6",,"July27",9022018,2018-09-02,
"CWbb9July27_09012018.qgd","CWbb9July27",2018,"bb","9",,"July27",9012018,2018-09-01,
"CWF1July27_09022018.qgd","CWF1July27",2018,"F","1",,"July27",9022018,2018-09-02,
"CWF2July27_09022018.qgd","CWF2July27",2018,"F","2",,"July27",9022018,2018-09-02,
"CWF3July27_09022018.qgd","CWF3July27",2018,"F","3",,"July27",9022018,2018-09-02,
"CWG1July27_09022018.qgd","CWG1July27",2018,"G","1",,"July27",9022018,2018-09-02,
"CWG2July27_09022018.qgd","CWG2July27",2018,"G","2",,"July27",9022018,2018-09-02,
"CWG3July27_09022018.qgd","CWG3July27",2018,"G","3",,"July27",9022018,2018-09-02,
"CWH1July27_09022018.qgd","CWH1July27",2018,"H","1",,"July27",9022018,2018-09-02,
"CWH1LeafJuly27_09022018.qgd","CWH1LeafJuly27",2018,"H","1Leaf",,"July27",9022018,2018-09-02,
"CWI1July27_09012018.qgd","CWI1July27",2018,"I","1",,"July27",9012018,2018-09-01,
"CWI2July27_09022018.qgd","CWI2July27",2018,"I","2",,"July27",9022018,2018-09-02,
"CWI3July27_09022018.qgd","CWI3July27",2018,"I","3",,"July27",9022018,2018-09-02,
"CWJ1renamedJuly27_09022018.qgd","CWJ1renamedJuly27",2018,"J","1renamed",,"July27",9022018,2018-09-02,
"CWJ2renamedJuly27_09022018.qgd","CWJ2renamedJuly27",2018,"J","2renamed",,"July27",9022018,2018-09-02,
"CWJ3renamedJuly27_09022018.qgd","CWJ3renamedJuly27",2018,"J","3renamed",,"July27",9022018,2018-09-02,
"NatArea112renamedJuly25_08312018.qgd","NatArea112renamedJuly25",2018,"NatArea","112renamed",,"July25",8312018,2018-08-31,
"NatArea116DJul25_08302018.qgd","NatArea116DJul25",2018,"NatArea","116D",,"Jul25",8302018,2018-08-30,
"NatArea11C2July26_08312018.qgd","NatArea11C2July26",2018,"NatArea","11C2",,"July26",8312018,2018-08-31,
"NatArea120renamedJuly25_08312018.qgd","NatArea120renamedJuly25",2018,"NatArea","120renamed",,"July25",8312018,2018-08-31,
"NatArea1301renamedJuly26_08312018.qgd","NatArea1301renamedJuly26",2018,"NatArea","1301renamed",,"July26",8312018,2018-08-31,
"NatArea136DJul25_08302018.qgd","NatArea136DJul25",2018,"NatArea","136D",,"Jul25",8302018,2018-08-30,
"NatArea1402renamedJuly25_08312018.qgd","NatArea1402renamedJuly25",2018,"NatArea","1402renamed",,"July25",8312018,2018-08-31,
"NatArea20DJul25_08302018.qgd","NatArea20DJul25",2018,"NatArea","20D",,"Jul25",8302018,2018-08-30,
"NatArea219DJul25_08302018.qgd","NatArea219DJul25",2018,"NatArea","219D",,"Jul25",8302018,2018-08-30,
"NatArea320DJul25_08302018.qgd","NatArea320DJul25",2018,"NatArea","320D",,"Jul25",8302018,2018-08-30,
"NatArea370DJul25_08302018.qgd","NatArea370DJul25",2018,"NatArea","370D",,"Jul25",8302018,2018-08-30,
"NatArea394DJul25_08302018.qgd","NatArea394DJul25",2018,"NatArea","394D",,"Jul25",8302018,2018-08-30,
"NatArea69DJul25_08302018.qgd","NatArea69DJul25",2018,"NatArea","69D",,"Jul25",8302018,2018-08-30,
"NatArea69leafrenamedJuly25_08312018.qgd","NatArea69leafrenamedJuly25",2018,"NatArea","69leafrenamed",,"July25",8312018,2018-08-31,
"NatAreaA1DJul25_08302018.qgd","NatAreaA1DJul25",2018,"NatArea","A1D",,"Jul25",8302018,2018-08-30,
"NatAreaA2DJul25_08302018.qgd","NatAreaA2DJul25",2018,"NatArea","A2D",,"Jul25",8302018,2018-08-30,
"NatAreaB1DJul25_08302018.qgd","NatAreaB1DJul25",2018,"NatArea","B1D",,"Jul25",8302018,2018-08-30,
"NatAreaB2DJul25_08302018.qgd","NatAreaB2DJul25",2018,"NatArea","B2D",,"Jul25",8302018,2018-08-30,
"NatAreaC1DJul25_08302018.qgd","NatAreaC1DJul25",2018,"NatArea","C1D",,"Jul25",8302018,2018-08-30,
"NatAreaC2DJul25_08302018.qgd","NatAreaC2DJul25",2018,"NatArea","C2D",,"Jul25",8302018,2018-08-30,
"NatAreaC3DJuly25_08312018.qgd","NatAreaC3DJuly25",2018,"NatArea","C3D",,"July25",8312018,2018-08-31,
"NatAreaC3DJuly25redo_08312018.qgd","NatAreaC3DJuly25redo",2018,"NatArea","C3D",,"July25redo",8312018,2018-08-31,
"NatAreaD1DJul25_08302018.qgd","NatAreaD1DJul25",2018,"NatArea","D1D",,"Jul25",8302018,2018-08-30,
"NatAreaD2DJul25_08302018.qgd","NatAreaD2DJul25",2018,"NatArea","D2D",,"Jul25",8302018,2018-08-30,
"NatAreaD3DJul25_08302018.qgd","NatAreaD3DJul25",2018,"NatArea","D3D",,"Jul25",8302018,2018-08-30,
"NatAreaD3July26_08312018.qgd","NatAreaD3July26",2018,"NatArea","D3",,"July26",8312018,2018-08-31,
"NatAreaE1DJul25_08302018.qgd","NatAreaE1DJul25",2018,"NatArea","E1D",,"Jul25",8302018,2018-08-30,
"NatAreaE2DJul25_08302018.qgd","NatAreaE2DJul25",2018,"NatArea","E2D",,"Jul25",8302018,2018-08-30,
"NatAreaE3DJul25_08302018.qgd","NatAreaE3DJul25",2018,"NatArea","E3D",,"Jul25",8302018,2018-08-30,
"NatAreaKM0401July26_08312018.qgd","NatAreaKM0401July26",2018,"NatArea","KM0401",,"July26",8312018,2018-08-31,
"NatAreaKM10A1Jul25_08302018.qgd","NatAreaKM10A1Jul25",2018,"NatArea","KM10A1",,"Jul25",8302018,2018-08-30,
"NatAreaKM10B2renamedJuly25_08312018.qgd","NatAreaKM10B2renamedJuly25",2018,"NatArea","KM10B2renamed",,"July25",8312018,2018-08-31,
"NatAreaKM10C1Jul25_08302018.qgd","NatAreaKM10C1Jul25",2018,"NatArea","KM10C1",,"Jul25",8302018,2018-08-30,
"NatAreaKM10C2Jul25_08302018.qgd","NatAreaKM10C2Jul25",2018,"NatArea","KM10C2",,"Jul25",8302018,2018-08-30,
"NatAreaKM10D1renamedJuly25_08312018.qgd","NatAreaKM10D1renamedJuly25",2018,"NatArea","KM10D1renamed",,"July25",8312018,2018-08-31,
"NatAreaKM11101July26_08312018.qgd","NatAreaKM11101July26",2018,"NatArea","KM11101",,"July26",8312018,2018-08-31,
"NatAreaKM114renamedJuly25_08312018.qgd","NatAreaKM114renamedJuly25",2018,"NatArea","KM114renamed",,"July25",8312018,2018-08-31,
"NatAreaKM11C1renamedJuly26_08312018.qgd","NatAreaKM11C1renamedJuly26",2018,"NatArea","KM11C1renamed",,"July26",8312018,2018-08-31,
"NatAreaKM13A1July26_08312018.qgd","NatAreaKM13A1July26",2018,"NatArea","KM13A1",,"July26",8312018,2018-08-31,
"NatAreaKM13B1renamedJuly25_08312018.qgd","NatAreaKM13B1renamedJuly25",2018,"NatArea","KM13B1renamed",,"July25",8312018,2018-08-31,
"NatAreaKM13C1July26_08312018.qgd","NatAreaKM13C1July26",2018,"NatArea","KM13C1",,"July26",8312018,2018-08-31,
"NatAreaKM1401renamedJuly25_08312018.qgd","NatAreaKM1401renamedJuly25",2018,"NatArea","KM1401renamed",,"July25",8312018,2018-08-31,
"NatAreaKM14A1renamedJuly25_08312018.qgd","NatAreaKM14A1renamedJuly25",2018,"NatArea","KM14A1renamed",,"July25",8312018,2018-08-31,
"NatAreaKM14C1renamedJuly25_08312018.qgd","NatAreaKM14C1renamedJuly25",2018,"NatArea","KM14C1renamed",,"July25",8312018,2018-08-31,
"NatAreaKM4A1July26_08312018.qgd","NatAreaKM4A1July26",2018,"NatArea","KM4A1",,"July26",8312018,2018-08-31,
"NatAreaKM4B1July26_08312018.qgd","NatAreaKM4B1July26",2018,"NatArea","KM4B1",,"July26",8312018,2018-08-31,
"NatAreaX02DJul25_08302018.qgd","NatAreaX02DJul25",2018,"NatArea","X02D",,"Jul25",8302018,2018-08-30,
"NatAreaXUP01July25_08312018.qgd","NatAreaXUP01July25",2018,"NatArea","XUP01",,"July25",8312018,2018-08-31,
"T119DAug17_08312018.qgd","T119DAug17",2018,"T","119D",,"Aug17",8312018,2018-08-31,
"T119DCoolAug10_08292018.qgd","T119DCoolAug10",2018,"T","119DCool",,"Aug10",8292018,2018-08-29,
"T119NAug10_08292018.qgd","T119NAug10",2018,"T","119N",,"Aug10",8292018,2018-08-29,
"T119NAug15_09012018.qgd","T119NAug15",2018,"T","119N",,"Aug15",9012018,2018-09-01,
"T132DAug16_09012018.qgd","T132DAug16",2018,"T","132D",,"Aug16",9012018,2018-09-01,
"T132DWarmAug10_08292018.qgd","T132DWarmAug10",2018,"T","132DWarm",,"Aug10",8292018,2018-08-29,
"T132NAug10_08302018.qgd","T132NAug10",2018,"T","132N",,"Aug10",8302018,2018-08-30,
"T132NAug15_09012018.qgd","T132NAug15",2018,"T","132N",,"Aug15",9012018,2018-09-01,
"T145DAug16_09012018.qgd","T145DAug16",2018,"T","145D",,"Aug16",9012018,2018-09-01,
"T145DWarmAug10_08292018.qgd","T145DWarmAug10",2018,"T","145DWarm",,"Aug10",8292018,2018-08-29,
"T145NAug10_08292018.qgd","T145NAug10",2018,"T","145N",,"Aug10",8292018,2018-08-29,
"T145NAug15_09012018.qgd","T145NAug15",2018,"T","145N",,"Aug15",9012018,2018-09-01,
"T153DWarmAug10_08292018.qgd","T153DWarmAug10",2018,"T","153DWarm",,"Aug10",8292018,2018-08-29,
"T153NAug10_08302018.qgd","T153NAug10",2018,"T","153N",,"Aug10",8302018,2018-08-30,
"T167DAug16_09012018.qgd","T167DAug16",2018,"T","167D",,"Aug16",9012018,2018-09-01,
"T167DWarmAug10_08292018.qgd","T167DWarmAug10",2018,"T","167DWarm",,"Aug10",8292018,2018-08-29,
"T167NAug10_08302018.qgd","T167NAug10",2018,"T","167N",,"Aug10",8302018,2018-08-30,
"T167NAug15_09012018.qgd","T167NAug15",2018,"T","167N",,"Aug15",9012018,2018-09-01,
"T174DAug10_08292018.qgd","T174DAug10",2018,"T","174D",,"Aug10",8292018,2018-08-29,
"T174NAug10_08302018.qgd","T174NAug10",2018,"T","174N",,"Aug10",8302018,2018-08-30,
"T186DAug16_09012018.qgd","T186DAug16",2018,"T","186D",,"Aug16",9012018,2018-09-01,
"T186DCoolAug10_08292018.qgd","T186DCoolAug10",2018,"T","186DCool",,"Aug10",8292018,2018-08-29,
"T186NAug10_08302018.qgd","T186NAug10",2018,"T","186N",,"Aug10",8302018,2018-08-30,
"T186NAug15_09012018.qgd","T186NAug15",2018,"T","186N",,"Aug15",9012018,2018-09-01,
"T1962NAug10_08302018.qgd","T1962NAug10",2018,"T","1962N",,"Aug10",8302018,2018-08-30,
"T196DAug16_09012018.qgd","T196DAug16",2018,"T","196D",,"Aug16",9012018,2018-09-01,
"T196DCoolAug10_08292018.qgd","T196DCoolAug10",2018,"T","196DCool",,"Aug10",8292018,2018-08-29,
"T196DredoAug16_09022018.qgd","T196DredoAug16",2018,"T","196Dredo",,"Aug16",9022018,2018-09-02,
"T196NAug10_08302018.qgd","T196NAug10",2018,"T","196N",,"Aug10",8302018,2018-08-30,
"T196NAug15_09012018.qgd","T196NAug15",2018,"T","196N",,"Aug15",9012018,2018-09-01,
"T72DAug16_09012018.qgd","T72DAug16",2018,"T","72D",,"Aug16",9012018,2018-09-01,
"T72DCoolAug10_08292018.qgd","T72DCoolAug10",2018,"T","72DCool",,"Aug10",8292018,2018-08-29,
"T72NAug10_08292018.qgd","T72NAug10",2018,"T","72N",,"Aug10",8292018,2018-08-29,
"T72NAug15_09012018.qgd","T72NAug15",2018,"T","72N",,"Aug15",9012018,2018-09-01,
"A15_day_190729_872019_19.qgd","A15",2019,"A",,"day",190729,872019,2019-08-07,19
"A15_leaf_1907231_882019_15.qgd","A15",2019,"A",,"leaf",1907231,882019,2019-08-08,15
"A15_night_190729_872019_03.qgd","A15",2019,"A",,"night",190729,872019,2019-08-07,3
"A32_day_190725_862019_11.qgd","A32",2019,"A",,"day",190725,862019,2019-08-06,11
"A32_night_190724_872019_08.qgd","A32",2019,"A",,"night",190724,872019,2019-08-07,8
"A38_day_190725_862019_03.qgd","A38",2019,"A",,"day",190725,862019,2019-08-06,3
"A38_night_190724_872019_05.qgd","A38",2019,"A",,"night",190724,872019,2019-08-07,5
"A38redo_day_190725_872019_03.qgd","A38redo",2019,"A",,"day",190725,872019,2019-08-07,3
"A54_day_190725_862019_07.qgd","A54",2019,"A",,"day",190725,862019,2019-08-06,7
"A54_leaf_1907231_882019_17.qgd","A54",2019,"A",,"leaf",1907231,882019,2019-08-08,17
"A54_night_190724_862019_18.qgd","A54",2019,"A",,"night",190724,862019,2019-08-06,18
"A76_day_190729_872019_02.qgd","A76",2019,"A",,"day",190729,872019,2019-08-07,2
"A76_leaf_190725_882019_06.qgd","A76",2019,"A",,"leaf",190725,882019,2019-08-08,6
"A76_night_190729_872019_04.qgd","A76",2019,"A",,"night",190729,872019,2019-08-07,4
"A78_day_190725_862019_09.qgd","A78",2019,"A",,"day",190725,862019,2019-08-06,9
"A78_night_190724_872019_13.qgd","A78",2019,"A",,"night",190724,872019,2019-08-07,13
"A79_day_190725_862019_09.qgd","A79",2019,"A",,"day",190725,862019,2019-08-06,9
"A79_leaf_1907231_882019_19.qgd","A79",2019,"A",,"leaf",1907231,882019,2019-08-08,19
"A80_day_190729_872019_18.qgd","A80",2019,"A",,"day",190729,872019,2019-08-07,18
"A80_leaf_190729_882019_09.qgd","A80",2019,"A",,"leaf",190729,882019,2019-08-08,9
"A80_night_190729_872019_02.qgd","A80",2019,"A",,"night",190729,872019,2019-08-07,2
"A91_day_190725_862019_08.qgd","A91",2019,"A",,"day",190725,862019,2019-08-06,8
"A91_leaf_190725_882019_02.qgd","A91",2019,"A",,"leaf",190725,882019,2019-08-08,2
"A91_leaf_190729_882019_11.qgd","A91",2019,"A",,"leaf",190729,882019,2019-08-08,11
"A91_night_190724_872019_04.qgd","A91",2019,"A",,"night",190724,872019,2019-08-07,4
"A92_day_190725_862019_12.qgd","A92",2019,"A",,"day",190725,862019,2019-08-06,12
"A92_night_190724_872019_09.qgd","A92",2019,"A",,"night",190724,872019,2019-08-07,9
"A95_day_190725_862019_12.qgd","A95",2019,"A",,"day",190725,862019,2019-08-06,12
"A95_leaf_190725_882019_04.qgd","A95",2019,"A",,"leaf",190725,882019,2019-08-08,4
"Air_SC1_day_190802_882019_02.qgd","Air",2019,"Air","SC1","day",190802,882019,2019-08-08,2
"Air1_190731_872019_06.qgd","Air1",2019,"Air",,,190731,872019,2019-08-07,6
"Air1_day_190804_8102019_07.qgd","Air1",2019,"Air",,"day",190804,8102019,2019-08-10,7
"Air1_night_190802_892019_10.qgd","Air1",2019,"Air",,"night",190802,892019,2019-08-09,10
"Air2_day_190805_8102019_12.qgd","Air2",2019,"Air",,"day",190805,8102019,2019-08-10,12
"Air2_night_190802_892019_11.qgd","Air2",2019,"Air",,"night",190802,892019,2019-08-09,11
"Air3_night_190802_8102019_05.qgd","Air3",2019,"Air",,"night",190802,8102019,2019-08-10,5
"AirC1_night_190724_862019_14.qgd","AirC1",2019,"Air",,"night",190724,862019,2019-08-06,14
"AirC10_1907231_882019_18.qgd","AirC10",2019,"Air",,,1907231,882019,2019-08-08,18
"AirC2_night_190724_872019_17.qgd","AirC2",2019,"Air",,"night",190724,872019,2019-08-07,17
"AirC3_day_190725_862019_02.qgd","AirC3",2019,"Air",,"day",190725,862019,2019-08-06,2
"AirC4_day_190725_862019_06.qgd","AirC4",2019,"Air",,"day",190725,862019,2019-08-06,6
"AirC5_day_190729_872019_20.qgd","AirC5",2019,"Air",,"day",190729,872019,2019-08-07,20
"AirCN3_night_190729_872019_05.qgd","AirCN3",2019,"Air",,"night",190729,872019,2019-08-07,5
"AirSC2_day_190802_892019_15.qgd","AirSC2",2019,"Air",,"day",190802,892019,2019-08-09,15
"AirW1_night_190724_862019_13.qgd","AirW1",2019,"Air",,"night",190724,862019,2019-08-06,13
"AirW10_1907231_882019_14.qgd","AirW10",2019,"Air",,,1907231,882019,2019-08-08,14
"AirW2_night_190724_872019_14.qgd","AirW2",2019,"Air",,"night",190724,872019,2019-08-07,14
"AirW3_day_190725_862019_03.qgd","AirW3",2019,"Air",,"day",190725,862019,2019-08-06,3
"AirW4_day_190725_862019_08.qgd","AirW4",2019,"Air",,"day",190725,862019,2019-08-06,8
"AirW8_190729_882019_10.qgd","AirW8",2019,"Air",,,190729,882019,2019-08-08,10
"Blank1_8102019_01.qgd","Blank1",2019,"Blank",,,,8102019,2019-08-10,1
"Blank1_862019_01.qgd","Blank1",2019,"Blank",,,,862019,2019-08-06,1
"Blank1_872019_01.qgd","Blank1",2019,"Blank",,,,872019,2019-08-07,1
"Blank1_872019_02.qgd","Blank1",2019,"Blank",,,,872019,2019-08-07,2
"Blank1_882019_01.qgd","Blank1",2019,"Blank",,,,882019,2019-08-08,1
"Blank1_882019_02.qgd","Blank1",2019,"Blank",,,,882019,2019-08-08,2
"Blank1_892019_01.qgd","Blank1",2019,"Blank",,,,892019,2019-08-09,1
"Blank1_892019_02.qgd","Blank1",2019,"Blank",,,,892019,2019-08-09,2
"Blank2_8132019_08.qgd","Blank2",2019,"Blank",,,,8132019,2019-08-13,8
"Blank2_862019_01.qgd","Blank2",2019,"Blank",,,,862019,2019-08-06,1
"GNA1_190731_872019_07.qgd","GNA1",2019,"GNA",,,190731,872019,2019-08-07,7
"GNA10_day_190805_8102019_05.qgd","GNA10",2019,"GNA",,"day",190805,8102019,2019-08-10,5
"GNA1redo_leaf_190805_8112019_25.qgd","GNA1redo",2019,"GNA",,"leaf",190805,8112019,2019-08-11,25
"GNA2_190731_872019_10.qgd","GNA2",2019,"GNA",,,190731,872019,2019-08-07,10
"GNA2_leaf_190805_8102019_19.qgd","GNA2",2019,"GNA",,"leaf",190805,8102019,2019-08-10,19
"GNA3_190731_872019_13.qgd","GNA3",2019,"GNA",,,190731,872019,2019-08-07,13
"GNA3_leaf_190805_8102019_21.qgd","GNA3",2019,"GNA",,"leaf",190805,8102019,2019-08-10,21
"GNA4_190731_872019_15.qgd","GNA4",2019,"GNA",,,190731,872019,2019-08-07,15
"GNA4_leaf_190805_8102019_13.qgd","GNA4",2019,"GNA",,"leaf",190805,8102019,2019-08-10,13
"GNA5_190731_872019_18.qgd","GNA5",2019,"GNA",,,190731,872019,2019-08-07,18
"GNA5_leaf_190805_8102019_17.qgd","GNA5",2019,"GNA",,"leaf",190805,8102019,2019-08-10,17
"GNA5redo_leaf_190805_8112019_17.qgd","GNA5redo",2019,"GNA",,"leaf",190805,8112019,2019-08-11,17
"GNA6_190731_872019_19.qgd","GNA6",2019,"GNA",,,190731,872019,2019-08-07,19
"GNA6_leaf_190805_8102019_15.qgd","GNA6",2019,"GNA",,"leaf",190805,8102019,2019-08-10,15
"GNA7_1907231_882019_13.qgd","GNA7",2019,"GNA",,,1907231,882019,2019-08-08,13
"GNA8_day_190805_8102019_02.qgd","GNA8",2019,"GNA",,"day",190805,8102019,2019-08-10,2
"GNA8_leaf_190804_8102019_08.qgd","GNA8",2019,"GNA",,"leaf",190804,8102019,2019-08-10,8
"GNA9_day_190805_8102019_04.qgd","GNA9",2019,"GNA",,"day",190805,8102019,2019-08-10,4
"GNA9_leaf_190805_8102019_09.qgd","GNA9",2019,"GNA",,"leaf",190805,8102019,2019-08-10,9
"OCT_B1_day_190802_882019_19.qgd","OCT",2019,"OTC","B1","day",190802,882019,2019-08-08,19
"OCT_B1_leaf_190802_882019_16.qgd","OCT",2019,"OTC","B1","leaf",190802,882019,2019-08-08,16
"OTC_A1_day_190802_892019_12.qgd","OTC",2019,"OTC","A1","day",190802,892019,2019-08-09,12
"OTC_A1_leaf_190802_892019_16.qgd","OTC",2019,"OTC","A1","leaf",190802,892019,2019-08-09,16
"OTC_A2_day_190802_892019_07.qgd","OTC",2019,"OTC","A2","day",190802,892019,2019-08-09,7
"OTC_A2_night_190802_892019_13.qgd","OTC",2019,"OTC","A2","night",190802,892019,2019-08-09,13
"OTC_B1_night_190802_892019_23.qgd","OTC",2019,"OTC","B1","night",190802,892019,2019-08-09,23
"OTC_B2_day_190802_892019_11.qgd","OTC",2019,"OTC","B2","day",190802,892019,2019-08-09,11
"OTC_B2_leaf_190802_892019_14.qgd","OTC",2019,"OTC","B2","leaf",190802,892019,2019-08-09,14
"OTC_B2_night_190802_892019_22.qgd","OTC",2019,"OTC","B2","night",190802,892019,2019-08-09,22
"OTC_C1_day_190802_892019_09.qgd","OTC",2019,"OTC","C1","day",190802,892019,2019-08-09,9
"OTC_C1_leaf_190802_882019_05.qgd","OTC",2019,"OTC","C1","leaf",190802,882019,2019-08-08,5
"OTC_C1_night_190802_892019_24.qgd","OTC",2019,"OTC","C1","night",190802,892019,2019-08-09,24
"OTC_C2_day_190802_892019_03.qgd","OTC",2019,"OTC","C2","day",190802,892019,2019-08-09,3
"OTC_C2_leaf_190802_892019_03.qgd","OTC",2019,"OTC","C2","leaf",190802,892019,2019-08-09,3
"OTC_C2_night_190802_892019_15.qgd","OTC",2019,"OTC","C2","night",190802,892019,2019-08-09,15
"OTC_C3_day_190802_892019_08.qgd","OTC",2019,"OTC","C3","day",190802,892019,2019-08-09,8
"OTC_C3_night_190802_8102019_03.qgd","OTC",2019,"OTC","C3","night",190802,8102019,2019-08-10,3
"OTC_D1_day_190802_892019_08.qgd","OTC",2019,"OTC","D1","day",190802,892019,2019-08-09,8
"OTC_D1_leaf_190802_892019_04.qgd","OTC",2019,"OTC","D1","leaf",190802,892019,2019-08-09,4
"OTC_E1_day_190802_882019_11.qgd","OTC",2019,"OTC","E1","day",190802,882019,2019-08-08,11
"OTC_E1_night_190802_892019_19.qgd","OTC",2019,"OTC","E1","night",190802,892019,2019-08-09,19
"OTC_E2_day_190802_882019_14.qgd","OTC",2019,"OTC","E2","day",190802,882019,2019-08-08,14
"OTC_E2_leaf_190802_882019_04.qgd","OTC",2019,"OTC","E2","leaf",190802,882019,2019-08-08,4
"OTC_E2_leaf_190802_882019_08.qgd","OTC",2019,"OTC","E2","leaf",190802,882019,2019-08-08,8
"OTC_E2_night_190802_892019_18.qgd","OTC",2019,"OTC","E2","night",190802,892019,2019-08-09,18
"OTC_E3_day_190802_882019_13.qgd","OTC",2019,"OTC","E3","day",190802,882019,2019-08-08,13
"OTC_E3_leaf_190802_892019_05.qgd","OTC",2019,"OTC","E3","leaf",190802,892019,2019-08-09,5
"OTC_E3_night_190802_8102019_06.qgd","OTC",2019,"OTC","E3","night",190802,8102019,2019-08-10,6
"OTC_V1_day_190805_8102019_08.qgd","OTC",2019,"OTC","V1","day",190805,8102019,2019-08-10,8
"OTC_V1_leaf_190805_8102019_01.qgd","OTC",2019,"OTC","V1","leaf",190805,8102019,2019-08-10,1
"OTC_V2_day_190805_8102019_03.qgd","OTC",2019,"OTC","V2","day",190805,8102019,2019-08-10,3
"OTC_V2_leaf_190805_8102019_11.qgd","OTC",2019,"OTC","V2","leaf",190805,8102019,2019-08-10,11
"OTC_W1_day_190805_8102019_07.qgd","OTC",2019,"OTC","W1","day",190805,8102019,2019-08-10,7
"OTC_W1redo_leaf_190805_8102019_10.qgd","OTC",2019,"OTC","W1redo","leaf",190805,8102019,2019-08-10,10
"OTC_W2_day_190805_8102019_06.qgd","OTC",2019,"OTC","W2","day",190805,8102019,2019-08-10,6
"OTC_W2_leaf_190805_8102019_09.qgd","OTC",2019,"OTC","W2","leaf",190805,8102019,2019-08-10,9
"OTC_X1_190731_872019_16.qgd","OTC",2019,"OTC","X1",,190731,872019,2019-08-07,16
"OTC_X2_1907231_882019_20.qgd","OTC",2019,"OTC","X2",,1907231,882019,2019-08-08,20
"OTC_X2_190731_872019_17.qgd","OTC",2019,"OTC","X2",,190731,872019,2019-08-07,17
"OTC_X2_leaf_190805_8102019_14.qgd","OTC",2019,"OTC","X2","leaf",190805,8102019,2019-08-10,14
"OTC_X2_leaf_190805_8102019_16.qgd","OTC",2019,"OTC","X2","leaf",190805,8102019,2019-08-10,16
"OTC_Y1_190731_872019_09.qgd","OTC",2019,"OTC","Y1",,190731,872019,2019-08-07,9
"OTC_Y1_leaf_190805_8102019_18.qgd","OTC",2019,"OTC","Y1","leaf",190805,8102019,2019-08-10,18
"OTC_Y2_190731_872019_12.qgd","OTC",2019,"OTC","Y2",,190731,872019,2019-08-07,12
"OTC_Y2_leaf_190805_8102019_20.qgd","OTC",2019,"OTC","Y2","leaf",190805,8102019,2019-08-10,20
"OTC_Z1_190731_872019_08.qgd","OTC",2019,"OTC","Z1",,190731,872019,2019-08-07,8
"OTC_Z1_leaf_190805_8102019_22.qgd","OTC",2019,"OTC","Z1","leaf",190805,8102019,2019-08-10,22
"OTC_Z2_190731_872019_11.qgd","OTC",2019,"OTC","Z2",,190731,872019,2019-08-07,11
"OTC_Z2_leaf_190805_8102019_23.qgd","OTC",2019,"OTC","Z2","leaf",190805,8102019,2019-08-10,23
"OTC_Z3_190731_872019_14.qgd","OTC",2019,"OTC","Z3",,190731,872019,2019-08-07,14
"OTC_Z3_190805_8102019_24.qgd","OTC",2019,"OTC","Z3",,190805,8102019,2019-08-10,24
"OTCredo_Z3_190805_8112019_24.qgd","OTCredo",2019,"OTC","Z3",,190805,8112019,2019-08-11,24
"SC1_day_190802_892019_07.qgd","SC1",2019,"SC",,"day",190802,892019,2019-08-09,7
"SC1_leaf_190802_882019_06.qgd","SC1",2019,"SC",,"leaf",190802,882019,2019-08-08,6
"SC1_night_190802_892019_16.qgd","SC1",2019,"SC",,"night",190802,892019,2019-08-09,16
"SC10_day_190802_892019_06.qgd","SC10",2019,"SC",,"day",190802,892019,2019-08-09,6
"SC10_night_190802_892019_12.qgd","SC10",2019,"SC",,"night",190802,892019,2019-08-09,12
"SC2_day_190802_882019_15.qgd","SC2",2019,"SC",,"day",190802,882019,2019-08-08,15
"SC2_day_leaf_190802_882019_17.qgd","SC2",2019,"SC",,"leaf",190802,882019,2019-08-08,17
"SC3_day_190802_892019_06.qgd","SC3",2019,"SC",,"day",190802,892019,2019-08-09,6
"SC3_leaf_190802_892019_02.qgd","SC3",2019,"SC",,"leaf",190802,892019,2019-08-09,2
"SC3_night_190802_892019_17.qgd","SC3",2019,"SC",,"night",190802,892019,2019-08-09,17
"SC4_day_190802_892019_09.qgd","SC4",2019,"SC",,"day",190802,892019,2019-08-09,9
"SC4_leaf_190802_892019_13.qgd","SC4",2019,"SC",,"leaf",190802,892019,2019-08-09,13
"SC4_night_190802_8102019_04.qgd","SC4",2019,"SC",,"night",190802,8102019,2019-08-10,4
"SC5_day_190802_882019_10.qgd","SC5",2019,"SC",,"day",190802,882019,2019-08-08,10
"SC5_leaf_190802_892019_05.qgd","SC5",2019,"SC",,"leaf",190802,892019,2019-08-09,5
"SC5_night_190802_8102019_02.qgd","SC5",2019,"SC",,"night",190802,8102019,2019-08-10,2
"SC6_day_190802_882019_12.qgd","SC6",2019,"SC",,"day",190802,882019,2019-08-08,12
"SC6_leaf_190802_882019_03.qgd","SC6",2019,"SC",,"leaf",190802,882019,2019-08-08,3
"SC6_night_190802_892019_21.qgd","SC6",2019,"SC",,"night",190802,892019,2019-08-09,21
"SC7_day_190802_882019_09.qgd","SC7",2019,"SC",,"day",190802,882019,2019-08-08,9
"SC7_leaf_190802_882019_07.qgd","SC7",2019,"SC",,"leaf",190802,882019,2019-08-08,7
"SC7_night_190802_892019_14.qgd","SC7",2019,"SC",,"night",190802,892019,2019-08-09,14
"SC8_day_190802_892019_02.qgd","SC8",2019,"SC",,"day",190802,892019,2019-08-09,2
"SC8_leaf_190802_882019_20.qgd","SC8",2019,"SC",,"leaf",190802,882019,2019-08-08,20
"SC8_night_190802_892019_20.qgd","SC8",2019,"SC",,"night",190802,892019,2019-08-09,20
"SC9_day_190802_892019_04.qgd","SC9",2019,"SC",,"day",190802,892019,2019-08-09,4
"SC9_leaf_190802_892019_10.qgd","SC9",2019,"SC",,"leaf",190802,892019,2019-08-09,10
"SCH_V12_8132019_16.qgd","SCH",2019,"Schiedea","V12",,,8132019,2019-08-13,16
"SCH_V30_8132019_17.qgd","SCH",2019,"Schiedea","V30",,,8132019,2019-08-13,17
"SCH_V33_8132019_18.qgd","SCH",2019,"Schiedea","V33",,,8132019,2019-08-13,18
"SCH_V5_8132019_09.qgd","SCH",2019,"Schiedea","V5",,,8132019,2019-08-13,9
"SCH_V50_8132019_19.qgd","SCH",2019,"Schiedea","V50",,,8132019,2019-08-13,19
"SCH_V51_8132019_20.qgd","SCH",2019,"Schiedea","V51",,,8132019,2019-08-13,20
"SCH_V55_8132019_22.qgd","SCH",2019,"Schiedea","V55",,,8132019,2019-08-13,22
"SCH_V57_8132019_23.qgd","SCH",2019,"Schiedea","V57",,,8132019,2019-08-13,23
"SCH_V64_8132019_24.qgd","SCH",2019,"Schiedea","V64",,,8132019,2019-08-13,24
"SCH_V66_8132019_25.qgd","SCH",2019,"Schiedea","V66",,,8132019,2019-08-13,25
"SCH_V72_8132019_21.qgd","SCH",2019,"Schiedea","V72",,,8132019,2019-08-13,21
"SCH_V74_8132019_26.qgd","SCH",2019,"Schiedea","V74",,,8132019,2019-08-13,26
"SCH_V79_8132019_12.qgd","SCH",2019,"Schiedea","V79",,,8132019,2019-08-13,12
"SCH_V8_8132019_10.qgd","SCH",2019,"Schiedea","V8",,,8132019,2019-08-13,10
"SCH_V87_8132019_13.qgd","SCH",2019,"Schiedea","V87",,,8132019,2019-08-13,13
"SCH_V9_8132019_11.qgd","SCH",2019,"Schiedea","V9",,,8132019,2019-08-13,11
"SCH_V90_8132019_14.qgd","SCH",2019,"Schiedea","V90",,,8132019,2019-08-13,14
"SCH_V99_8132019_15.qgd","SCH",2019,"Schiedea","V99",,,8132019,2019-08-13,15
"T119_day_190725_862019_10.qgd","T119",2019,"T",,"day",190725,862019,2019-08-06,10
"T119_night_190724_872019_07.qgd","T119",2019,"T",,"night",190724,872019,2019-08-07,7
"T128_day_190725_862019_02.qgd","T128",2019,"T",,"day",190725,862019,2019-08-06,2
"T128_night_190724_872019_10.qgd","T128",2019,"T",,"night",190724,872019,2019-08-07,10
"T139_day_190725_862019_06.qgd","T139",2019,"T",,"day",190725,862019,2019-08-06,6
"T139_night_190724_862019_17.qgd","T139",2019,"T",,"night",190724,862019,2019-08-06,17
"T141_day_190725_862019_07.qgd","T141",2019,"T",,"day",190725,862019,2019-08-06,7
"T141_leaf_190729_882019_12.qgd","T141",2019,"T",,"leaf",190729,882019,2019-08-08,12
"T141_night_190724_872019_06.qgd","T141",2019,"T",,"night",190724,872019,2019-08-07,6
"T141redo_night_190724_872019_16.qgd","T141redo",2019,"T",,"night",190724,872019,2019-08-07,16
"T144_day_190725_862019_11.qgd","T144",2019,"T",,"day",190725,862019,2019-08-06,11
"T144_night_190724_872019_15.qgd","T144",2019,"T",,"night",190724,872019,2019-08-07,15
"T164_day_190725_862019_05.qgd","T164",2019,"T",,"day",190725,862019,2019-08-06,5
"T164_leaf_190731_882019_18.qgd","T164",2019,"T",,"leaf",190731,882019,2019-08-08,18
"T164_night_190724_862019_15.qgd","T164",2019,"T",,"night",190724,862019,2019-08-06,15
"T173_day_190725_862019_04.qgd","T173",2019,"T",,"day",190725,862019,2019-08-06,4
"T173_leaf_190725_882019_03.qgd","T173",2019,"T",,"leaf",190725,882019,2019-08-08,3
"T173_night_190724_862019_16.qgd","T173",2019,"T",,"night",190724,862019,2019-08-06,16
"T176_day_190725_862019_05.qgd","T176",2019,"T",,"day",190725,862019,2019-08-06,5
"T176_night_190724_872019_11.qgd","T176",2019,"T",,"night",190724,872019,2019-08-07,11
"T188_day_190725_862019_10.qgd","T188",2019,"T",,"day",190725,862019,2019-08-06,10
"T188_leaf_190725_882019_05.qgd","T188",2019,"T",,"leaf",190725,882019,2019-08-08,5
"T19_leaf_1907231_882019_16.qgd","T19",2019,"T",,"leaf",1907231,882019,2019-08-08,16
"T193_day_190725_862019_04.qgd","T193",2019,"T",,"day",190725,862019,2019-08-06,4
"T193_night_190724_872019_12.qgd","T193",2019,"T",,"night",190724,872019,2019-08-07,12
"T38_leaf_190729_882019_07.qgd","T38",2019,"T",,"leaf",190729,882019,2019-08-08,7
"unreadable40_leaf_190729_882019_08.qgd","unreadable40",2019,"T",,"leaf",190729,882019,2019-08-08,8
