Filename,Batch,Maxfield,Year,Filename2,RunDate,Seq,Notes
1C949_210708_782021_02.qgd,maxfield210708.txt,1,2021,1C949_NA_210708_782021_02.qgd,2021-07-08,2,
1C901_210708_782021_03.qgd,maxfield210708.txt,1,2021,1C901_NA_210708_782021_03.qgd,2021-07-08,3,
1C948_210708_782021_04.qgd,maxfield210708.txt,1,2021,1C948_NA_210708_782021_04.qgd,2021-07-08,4,
1C57_210708_782021_05.qgd,maxfield210708.txt,1,2021,1C57_NA_210708_782021_05.qgd,2021-07-08,5,
1B677_210708_782021_06.qgd,maxfield210708.txt,1,2021,1B677_NA_210708_782021_06.qgd,2021-07-08,6,
1C951_210708_782021_07.qgd,maxfield210708.txt,1,2021,1C951_NA_210708_782021_07.qgd,2021-07-08,7,
1B666_210708_782021_08.qgd,maxfield210708.txt,1,2021,1B666_NA_210708_782021_08.qgd,2021-07-08,8,
2A903_210708_782021_09.qgd,maxfield210708.txt,1,2021,2A903_NA_210708_782021_09.qgd,2021-07-08,9,
2B905_210708_782021_10.qgd,maxfield210708.txt,1,2021,2B905_A_210708_782021_10.qgd,2021-07-08,10,ths is sample A
3B623_210708_782021_11.qgd,maxfield210708.txt,1,2021,3B623_NA_210708_782021_11.qgd,2021-07-08,11,
3B952_210708_782021_12.qgd,maxfield210708.txt,1,2021,3B952_NA_210708_782021_12.qgd,2021-07-08,12,
3B624_210708_782021_13.qgd,maxfield210708.txt,1,2021,3B624_NA_210708_782021_13.qgd,2021-07-08,13,
air_210708_782021_14.qgd,maxfield210708.txt,1,2021,3Dair_NA_210708_782021_14.qgd,2021-07-08,14,CW in 3D we think
3D858_210708_782021_15.qgd,maxfield210708.txt,1,2021,3D858_NA_210708_782021_15.qgd,2021-07-08,15,
3D255_210708_782021_16.qgd,maxfield210708.txt,1,2021,3D255_NA_210708_782021_16.qgd,2021-07-08,16,
3D906_210708_782021_17.qgd,maxfield210708.txt,1,2021,3B906_NA_210708_782021_17.qgd,2021-07-08,17,"typed subplot wrong, should be 3B"
2B93_210708_782021_18.qgd,maxfield210708.txt,1,2021,2B93_NA_210708_782021_18.qgd,2021-07-08,18,
2B905_210708_782021_19.qgd,maxfield210708.txt,1,2021,2B905_B_210708_782021_19.qgd,2021-07-08,19,somewhat arbitrarily calling this sample B
3D887_210708_782021_20.qgd,maxfield210708.txt,1,2021,3D891_NA_210708_782021_20.qgd,2021-07-08,20,changed plant from 887 to 891
1C53_210708_782021_22.qgd,maxfield210708.txt,1,2021,1C53_NA_210708_782021_22.qgd,2021-07-08,22,
1B950_210708_782021_23.qgd,maxfield210708.txt,1,2021,1B950_NA_210708_782021_23.qgd,2021-07-08,23,
2A902_210708_782021_24.qgd,maxfield210708.txt,1,2021,2A902_NA_210708_782021_24.qgd,2021-07-08,24,
5Dair_15_210709_792021_02.qgd,maxfield210709.txt,1,2021,5Dair_15_210709_792021_02.qgd,2021-07-09,2,
5Bair_25_210709_792021_03.qgd,maxfield210709.txt,1,2021,5Bair_25_210709_792021_03.qgd,2021-07-09,3,
5B908_27_210709_792021_04.qgd,maxfield210709.txt,1,2021,5B908_27_210709_792021_04.qgd,2021-07-09,4,
5D910_17_210709_792021_05.qgd,maxfield210709.txt,1,2021,5D910_17_210709_792021_05.qgd,2021-07-09,5,
5B907_24_210709_792021_06.qgd,maxfield210709.txt,1,2021,5B907_24_210709_792021_06.qgd,2021-07-09,6,
6C913_03_210709_792021_07.qgd,maxfield210709.txt,1,2021,6C913_03_210709_792021_07.qgd,2021-07-09,7,
6A131_20_210709_792021_08.qgd,maxfield210709.txt,1,2021,6A131_20_210709_792021_08.qgd,2021-07-09,8,
4C190_26_210709_792021_09.qgd,maxfield210709.txt,1,2021,4C190_26_210709_792021_09.qgd,2021-07-09,9,
4C120_22_210709_792021_10.qgd,maxfield210709.txt,1,2021,4C120_22_210709_792021_10.qgd,2021-07-09,10,
4B173_35_210709_792021_11.qgd,maxfield210709.txt,1,2021,4B173_35_210709_792021_11.qgd,2021-07-09,11,
4B954_37_210709_792021_12.qgd,maxfield210709.txt,1,2021,4B954_37_210709_792021_12.qgd,2021-07-09,12,
6Cair_07_210709_792021_13.qgd,maxfield210709.txt,1,2021,6Cair_07_210709_792021_13.qgd,2021-07-09,13,
4C627_14_210709_792021_14.qgd,maxfield210709.txt,1,2021,4C627_14_210709_792021_14.qgd,2021-07-09,14,
4C106_10_210709_792021_15.qgd,maxfield210709.txt,1,2021,4C106_10_210709_792021_15.qgd,2021-07-09,15,
4C108_18_210709_792021_16.qgd,maxfield210709.txt,1,2021,4C108_18_210709_792021_16.qgd,2021-07-09,16,
6C95_01_210709_792021_17.qgd,maxfield210709.txt,1,2021,6C95_01_210709_792021_17.qgd,2021-07-09,17,
6C81_05_210709_792021_18.qgd,maxfield210709.txt,1,2021,6C81_05_210709_792021_18.qgd,2021-07-09,18,
4B168_12_210709_792021_19.qgd,maxfield210709.txt,1,2021,4B168_12_210709_792021_19.qgd,2021-07-09,19,
4B953_02_210709_792021_20.qgd,maxfield210709.txt,1,2021,4B953_02_210709_792021_20.qgd,2021-07-09,20,
4C957_21_210709_792021_23.qgd,maxfield210709.txt,1,2021,4C957_21_210709_792021_23.qgd,2021-07-09,23,
4B204_16_210709_792021_24.qgd,maxfield210709.txt,1,2021,4B204_16_210709_792021_24.qgd,2021-07-09,24,
4B203_13_210709_792021_25.qgd,maxfield210709.txt,1,2021,4B956_34_210709_792021_26.qgd,2021-07-09,25,after skip
4B956_34_210709_792021_26.qgd,maxfield210709.txt,1,2021,4B955_29_210709_792021_27.qgd,2021-07-09,26,after skip
4B955_29_210709_792021_27.qgd,maxfield210709.txt,1,2021,4B190_30_210709_792021_28.qgd,2021-07-09,27,after skip
4B190_30_210709_792021_28.qgd,maxfield210709.txt,1,2021,4Bair_33_210709_792021_29.qgd,2021-07-09,28,after skip
4Bair_33_210709_792021_29.qgd,maxfield210709.txt,1,2021,4B171_32_210709_792021_30.qgd,2021-07-09,29,after skip
4B203_13_210709_redo_7112021_25.qgd,maxfield210711.txt,1,2021,4B203_13_210709_7112021_25.qgd,2021-07-11,25,redo
Maxfield_6_210726_7292021_02.qgd,Ihyb_Corydalis_210729.txt,1,2021,NA_6_210726_7292021_02.qgd,2021-07-29,2,
Maxfield_8_210726_7292021_03.qgd,Ihyb_Corydalis_210729.txt,1,2021,NA_8_210726_7292021_03.qgd,2021-07-29,3,
Maxfield_5_210726_7292021_04.qgd,Ihyb_Corydalis_210729.txt,1,2021,NA_5_210726_7292021_04.qgd,2021-07-29,4,
Maxfield_10_210726_7292021_05.qgd,Ihyb_Corydalis_210729.txt,1,2021,NA_10_210726_7292021_05.qgd,2021-07-29,5,
Maxfield_11_210726_7292021_06.qgd,Ihyb_Corydalis_210729.txt,1,2021,NA_11_210726_7292021_06.qgd,2021-07-29,6,
Maxfield_15_210726_7292021_07.qgd,Ihyb_Corydalis_210729.txt,1,2021,NA_15_210726_7292021_07.qgd,2021-07-29,7,
Maxfield_16_210726_7292021_08.qgd,Ihyb_Corydalis_210729.txt,1,2021,NA_16_210726_7292021_08.qgd,2021-07-29,8,
Maxfield_17_210726_7292021_09.qgd,Ihyb_Corydalis_210729.txt,1,2021,NA_17_210726_7292021_09.qgd,2021-07-29,9,
Maxfield_4_210726_7292021_10.qgd,Ihyb_Corydalis_210729.txt,1,2021,NA_4_210726_7292021_10.qgd,2021-07-29,10,
Maxfield_13_210726_7292021_11.qgd,Ihyb_Corydalis_210729.txt,1,2021,NA_13_210726_7292021_11.qgd,2021-07-29,11,
Maxfield_3_210726_7292021_12.qgd,Ihyb_Corydalis_210729.txt,1,2021,NA_3_210726_7292021_12.qgd,2021-07-29,12,
Maxfield_2_210726_7292021_13.qgd,Ihyb_Corydalis_210729.txt,1,2021,NA_2_210726_7292021_13.qgd,2021-07-29,13,
Maxfield_1_210726_7292021_14.qgd,Ihyb_Corydalis_210729.txt,1,2021,NA_1_210726_7292021_14.qgd,2021-07-29,14,
Maxfield_7_210726_7292021_15.qgd,Ihyb_Corydalis_210729.txt,1,2021,NA_7_210726_7292021_15.qgd,2021-07-29,15,
Maxfield_9_210726_7292021_16.qgd,Ihyb_Corydalis_210729.txt,1,2021,NA_9_210726_7292021_16.qgd,2021-07-29,16,
Maxfield_6_210723_822021_02.qgd,Maxfield_210802.txt,1,2021,NA_6_210723_822021_02.qgd,2021-08-02,2,
Maxfield_7_210723_822021_03.qgd,Maxfield_210802.txt,1,2021,NA_7_210723_822021_03.qgd,2021-08-02,3,
Maxfield_8_210723_822021_04.qgd,Maxfield_210802.txt,1,2021,NA_8_210723_822021_04.qgd,2021-08-02,4,
Maxfield_9_210723_822021_05.qgd,Maxfield_210802.txt,1,2021,NA_9_210723_822021_05.qgd,2021-08-02,5,
Maxfield_10_210723_822021_06.qgd,Maxfield_210802.txt,1,2021,NA_10_210723_822021_06.qgd,2021-08-02,6,
Maxfield_11_210723_822021_07.qgd,Maxfield_210802.txt,1,2021,NA_11_210723_822021_07.qgd,2021-08-02,7,
Maxfield_12_210723_822021_08.qgd,Maxfield_210802.txt,1,2021,NA_12_210723_822021_08.qgd,2021-08-02,8,
Maxfield_13_210723_822021_09.qgd,Maxfield_210802.txt,1,2021,NA_13_210723_822021_09.qgd,2021-08-02,9,
Maxfield_14_210723_822021_10.qgd,Maxfield_210802.txt,1,2021,NA_14_210723_822021_10.qgd,2021-08-02,10,
Maxfield_15_210723_822021_11.qgd,Maxfield_210802.txt,1,2021,NA_15_210723_822021_11.qgd,2021-08-02,11,
Maxfield_16_210723_822021_12.qgd,Maxfield_210802.txt,1,2021,NA_16_210723_822021_12.qgd,2021-08-02,12,
Maxfield_17_210723_822021_13.qgd,Maxfield_210802.txt,1,2021,NA_17_210723_822021_13.qgd,2021-08-02,13,
Maxfield_18_210723_822021_14.qgd,Maxfield_210802.txt,1,2021,NA_18_210723_822021_14.qgd,2021-08-02,14,
Maxfield_19_210723_822021_15.qgd,Maxfield_210802.txt,1,2021,NA_19_210723_822021_15.qgd,2021-08-02,15,
Maxfield_1_210723_822021_16.qgd,Maxfield_210802.txt,1,2021,NA_1_210723_822021_16.qgd,2021-08-02,16,
Maxfield_2_210723_822021_17.qgd,Maxfield_210802.txt,1,2021,NA_2_210723_822021_17.qgd,2021-08-02,17,
Maxfield_3_210723_822021_18.qgd,Maxfield_210802.txt,1,2021,NA_3_210723_822021_18.qgd,2021-08-02,18,
Maxfield_4_210723_822021_19.qgd,Maxfield_210802.txt,1,2021,NA_4_210723_822021_19.qgd,2021-08-02,19,
Maxfield_5_210723_822021_20.qgd,Maxfield_210802.txt,1,2021,NA_5_210723_822021_20.qgd,2021-08-02,20,
Maxfield_25_210723_822021_02.qgd,Maxfield_SC_210802b.txt,1,2021,NA_25_210723_822021_02.qgd,2021-08-02,2,
Maxfield_27_210723_822021_03.qgd,Maxfield_SC_210802b.txt,1,2021,NA_27_210723_822021_03.qgd,2021-08-02,3,
Maxfield_28_210723_822021_04.qgd,Maxfield_SC_210802b.txt,1,2021,NA_28_210723_822021_04.qgd,2021-08-02,4,
Maxfield_20_210723_822021_05.qgd,Maxfield_SC_210802b.txt,1,2021,NA_20_210723_822021_05.qgd,2021-08-02,5,
Maxfield_22_210723_822021_06.qgd,Maxfield_SC_210802b.txt,1,2021,NA_22_210723_822021_06.qgd,2021-08-02,6,
Maxfield_23_210723_822021_07.qgd,Maxfield_SC_210802b.txt,1,2021,NA_23_210723_822021_07.qgd,2021-08-02,7,
Maxfield_26_210723_822021_08.qgd,Maxfield_SC_210802b.txt,1,2021,NA_26_210723_822021_08.qgd,2021-08-02,8,
Maxfield_24_210723_822021_09.qgd,Maxfield_SC_210802b.txt,1,2021,NA_24_210723_822021_09.qgd,2021-08-02,9,
3B838_200729_752021_02.qgd,maxfield210705.txt,1,,,,2,
3A641_200729_752021_03.qgd,maxfield210705.txt,1,,,,3,
3B618_200729_752021_04.qgd,maxfield210705.txt,1,,,,4,
3B828_200729_752021_05.qgd,maxfield210705.txt,1,,,,5,
3D881_200729_752021_06.qgd,maxfield210705.txt,1,,,,6,
3D895_200729_752021_07.qgd,maxfield210705.txt,1,,,,7,
5A180_200729_752021_08.qgd,maxfield210705.txt,1,,,,8,
6A145_200729_752021_09.qgd,maxfield210705.txt,1,,,,9,
1A231_200701_752021_02.qgd,maxfield210705b.txt,1,,,,2,
1A244_200701_752021_03.qgd,maxfield210705b.txt,1,,,,3,
1A250_200701_752021_04.qgd,maxfield210705b.txt,1,,,,4,
1C64_200701_752021_05.qgd,maxfield210705b.txt,1,,,,5,
1D24_200701_752021_06.qgd,maxfield210705b.txt,1,,,,6,
3C174_200701_752021_07.qgd,maxfield210705b.txt,1,,,,7,
3D886_200701_752021_08.qgd,maxfield210705b.txt,1,,,,8,
4A114_200701_752021_09.qgd,maxfield210705b.txt,1,,,,9,
4B576_200701_752021_10.qgd,maxfield210705b.txt,1,,,,10,
4D47_200701_762021_02.qgd,maxfield210706b.txt,1,,,,2,
6C93_200701_762021_03.qgd,maxfield210706b.txt,1,,,,3,
1C60_200715_762021_04.qgd,maxfield210706b.txt,1,,,,4,
1C46_200715_762021_05.qgd,maxfield210706b.txt,1,,,,5,
1D37_200715_762021_06.qgd,maxfield210706b.txt,1,,,,6,
1D33_200715_762021_07.qgd,maxfield210706b.txt,1,,,,7,
1D9_200715_762021_09.qgd,maxfield210706b.txt,1,,,,9,
1D17_200715_762021_10.qgd,maxfield210706b.txt,1,,,,10,
1D12_200715_762021_11.qgd,maxfield210706b.txt,1,,,,11,
1D24_200715_762021_12.qgd,maxfield210706b.txt,1,,,,12,
4A68_200715_762021_13.qgd,maxfield210706b.txt,1,,,,13,
4A109_200715_762021_14.qgd,maxfield210706b.txt,1,,,,14,
4A110_200715_762021_15.qgd,maxfield210706b.txt,1,,,,15,
4A121_200715_762021_16.qgd,maxfield210706b.txt,1,,,,16,
4A115_200715_762021_17.qgd,maxfield210706b.txt,1,,,,17,
4A91_200715_762021_18.qgd,maxfield210706b.txt,1,,,,18,
6D46_200708_762021_19.qgd,maxfield210706b.txt,1,,,,19,
6D68_200708_762021_20.qgd,maxfield210706b.txt,1,,,,20,
6D71_200708_762021_21.qgd,maxfield210706b.txt,1,,,,21,
3A638_200708_762021_22.qgd,maxfield210706b.txt,1,,,,22,
3D892_200708_762021_23.qgd,maxfield210706b.txt,1,,,,23,
3B851_200708_762021_24.qgd,maxfield210706b.txt,1,,,,24,
3D875_200708_762021_25.qgd,maxfield210706b.txt,1,,,,25,
5A196_200708_772021_02.qgd,maxfield210707.txt,1,,,,2,
5A185_200708_772021_03.qgd,maxfield210707.txt,1,,,,3,
5D274_200708_772021_04.qgd,maxfield210707.txt,1,,,,4,
6C99_200715_772021_05.qgd,maxfield210707.txt,1,,,,5,
6C96_200715_772021_06.qgd,maxfield210707.txt,1,,,,6,
6A169_200715_772021_07.qgd,maxfield210707.txt,1,,,,7,
6B243_200715_772021_08.qgd,maxfield210707.txt,1,,,,8,
6B21_200715_772021_09.qgd,maxfield210707.txt,1,,,,9,
6B120_200715_772021_10.qgd,maxfield210707.txt,1,,,,10,
6A136_200715_772021_11.qgd,maxfield210707.txt,1,,,,11,
6A685_200715_772021_12.qgd,maxfield210707.txt,1,,,,12,
6A165_200715_772021_13.qgd,maxfield210707.txt,1,,,,13,
6Bair_200715_772021_14.qgd,maxfield210707.txt,1,,,,14,
2B81_200708_772021_15.qgd,maxfield210707.txt,1,,,,15,
2A674_200608_772021_16.qgd,maxfield210707.txt,1,,,,16,
2D214_200608_772021_17.qgd,maxfield210707.txt,1,,,,17,
2B145_200608_772021_18.qgd,maxfield210707.txt,1,,,,18,
2D204_200608_772021_19.qgd,maxfield210707.txt,1,,,,19,
2D187_200608_772021_20.qgd,maxfield210707.txt,1,,,,20,
2C270_200608_772021_22.qgd,maxfield210707.txt,1,,,,22,
2C277_200608_772021_23.qgd,maxfield210707.txt,1,,,,23,
2A94_200608_772021_24.qgd,maxfield210707.txt,1,,,,24,
2Aair_200608_772021_25.qgd,maxfield210707.txt,1,,,,25,
5A180_200715_772021_26.qgd,maxfield210707.txt,1,,,,26,
5B20_200715_772021_27.qgd,maxfield210707.txt,1,,,,27,
5B288_200715_772021_28.qgd,maxfield210707.txt,1,,,,28,
5B5_200715_772021_29.qgd,maxfield210707.txt,1,,,,29,
5C225_200715_772021_30.qgd,maxfield210707.txt,1,,,,30,
5C202_200715_772021_31.qgd,maxfield210707.txt,1,,,,31,
5D269_200715_772021_32.qgd,maxfield210707.txt,1,,,,32,
5D242_200715_772021_33.qgd,maxfield210707.txt,1,,,,33,
5air_200715_772021_34.qgd,maxfield210707.txt,1,,,,34,
1A257_200701_772021_35.qgd,maxfield210707.txt,1,,,,35,
2A589_200701_772021_36.qgd,maxfield210707.txt,1,,,,36,
1A255_200708_782021_26.qgd,maxfield210708.txt,1,,,,26,
1A246_200708_782021_27.qgd,maxfield210708.txt,1,,,,27,
1A235_200708_782021_28.qgd,maxfield210708.txt,1,,,,28,
1A133_200708_782021_29.qgd,maxfield210708.txt,1,,,,29,
1A230_200708_782021_30.qgd,maxfield210708.txt,1,,,,30,
1A243_200708_782021_31.qgd,maxfield210708.txt,1,,,,31,
1B649_200708_782021_32.qgd,maxfield210708.txt,1,,,,32,
1C64_100708_782021_33.qgd,maxfield210708.txt,1,,,,33,
1C63_200708_782021_34.qgd,maxfield210708.txt,1,,,,34,
1D12_200722_792021_31.qgd,maxfield210709.txt,1,,1D9_200722_792021_32.qgd,,31,after skip
1D9_200722_792021_32.qgd,maxfield210709.txt,1,,1D33_200722_792021_33.qgd,,32,after skip
1D33_200722_792021_33.qgd,maxfield210709.txt,1,,1D31_200722_792021_34.qgd,,33,after skip
1D31_200722_792021_34.qgd,maxfield210709.txt,1,,1C60_200722_792021_35.qgd,,34,after skip
1C60_200722_792021_35.qgd,maxfield210709.txt,1,,1C63_200722_792021_36.qgd,,35,after skip
1A251_200722_7112021_02.qgd,maxfield210711.txt,1,,,,2,
1B650A_200722_7112021_03.qgd,maxfield210711.txt,1,,,,3,
1B653_200722_7112021_04.qgd,maxfield210711.txt,1,,,,4,
1B656_200722_7112021_05.qgd,maxfield210711.txt,1,,,,5,
1B672_200722_7112021_06.qgd,maxfield210711.txt,1,,,,6,
1B650B_200722_7112021_07.qgd,maxfield210711.txt,1,,,,7,
3A636_200722_7112021_08.qgd,maxfield210711.txt,1,,,,8,
3A273_200722_7112021_09.qgd,maxfield210711.txt,1,,,,9,
3Aair_200722_7112021_10.qgd,maxfield210711.txt,1,,,,10,
2C270_200722_7112021_11.qgd,maxfield210711.txt,1,,,,11,
2C277_200722_7112021_12.qgd,maxfield210711.txt,1,,,,12,
2C274_200722_7112021_13.qgd,maxfield210711.txt,1,,,,13,
2C289_200722_7112021_14.qgd,maxfield210711.txt,1,,,,14,
2C262_200722_7112021_15.qgd,maxfield210711.txt,1,,,,15,
2C297_200722_7112021_16.qgd,maxfield210711.txt,1,,,,16,
2C293_200722_7112021_17.qgd,maxfield210711.txt,1,,,,17,
2C292_200722_7112021_18.qgd,maxfield210711.txt,1,,,,18,
2B185_200722_7112021_19.qgd,maxfield210711.txt,1,,,,19,
2B188_200722_7112021_20.qgd,maxfield210711.txt,1,,,,20,
2B189_200722_7112021_22.qgd,maxfield210711.txt,1,,,,22,
2B186_200722_7112021_23.qgd,maxfield210711.txt,1,,,,23,
2B183_200722_7112021_24.qgd,maxfield210711.txt,1,,,,24,
2B190_200722_7112021_26.qgd,maxfield210711.txt,1,,,,26,
2B184_200722_7112021_27.qgd,maxfield210711.txt,1,,,,27,
2B81_200722_7112021_29.qgd,maxfield210711.txt,1,,,,29,
2B83_200722_7112021_30.qgd,maxfield210711.txt,1,,,,30,
2B89_200722_7112021_31.qgd,maxfield210711.txt,1,,,,31,
2B138_200722_7112021_32.qgd,maxfield210711.txt,1,,,,32,
2D219_200722_7112021_33.qgd,maxfield210711.txt,1,,,,33,
2D220_200722_7112021_34.qgd,maxfield210711.txt,1,,,,34,
2D194_200722_7112021_35.qgd,maxfield210711.txt,1,,,,35,
2D207_200722_7112021_36.qgd,maxfield210711.txt,1,,,,36,
4A124_200729_7122021_02.qgd,maxfield210712.txt,1,,,,2,
1B650A_200722_redo_7122021_03.qgd,maxfield210712.txt,1,,,,3,
4A101_200729_7122021_04.qgd,maxfield210712.txt,1,,,,4,
4A80_200729_7122021_05.qgd,maxfield210712.txt,1,,,,5,
4A85_200729_7122021_06.qgd,maxfield210712.txt,1,,,,6,
4A99_200729_7122021_07.qgd,maxfield210712.txt,1,,,,7,
3A636_200722_redo_7122021_08.qgd,maxfield210712.txt,1,,,,8,
4B594_200729_7122021_09.qgd,maxfield210712.txt,1,,,,9,
4C213_200729_7122021_10.qgd,maxfield210712.txt,1,,,,10,
4C187_200729_7122021_11.qgd,maxfield210712.txt,1,,,,11,
4C120_200729_7122021_12.qgd,maxfield210712.txt,1,,,,12,
4C195_200729_7122021_13.qgd,maxfield210712.txt,1,,,,13,
4D37_200729_7122021_15.qgd,maxfield210712.txt,1,,,,15,
5D247_200729_7122021_16.qgd,maxfield210712.txt,1,,,,16,
6D46_200729_7122021_17.qgd,maxfield210712.txt,1,,,,17,
6C96_200729_7122021_18.qgd,maxfield210712.txt,1,,,,18,
6C111_200729_7122021_19.qgd,maxfield210712.txt,1,,,,19,
6C116_200729_7122021_20.qgd,maxfield210712.txt,1,,,,20,
6C121_200729_7122021_22.qgd,maxfield210712.txt,1,,,,22,
6A145_200729_7122021_23.qgd,maxfield210712.txt,1,,,,23,
6A136_200729_7122021_24.qgd,maxfield210712.txt,1,,,,24,
6D59_200729_7122021_25.qgd,maxfield210712.txt,1,,,,25,
6D64_200729_7122021_26.qgd,maxfield210712.txt,1,,,,26,
6D48_200729_7122021_27.qgd,maxfield210712.txt,1,,,,27,
5B289_200729_7122021_28.qgd,maxfield210712.txt,1,,,,28,
5B299_200729_7122021_29.qgd,maxfield210712.txt,1,,,,29,
5B296_200729_7122021_30.qgd,maxfield210712.txt,1,,,,30,
5C217_200729_7122021_31.qgd,maxfield210712.txt,1,,,,31,
5C683_200729_7122021_32.qgd,maxfield210712.txt,1,,,,32,
5C207_200729_7122021_33.qgd,maxfield210712.txt,1,,,,33,
5C208_200729_7122021_34.qgd,maxfield210712.txt,1,,,,34,
5Bair_200729_7122021_35.qgd,maxfield210712.txt,1,,,,35,
4B171_32_210709_792021_30.qgd,maxfield210709.txt,,2021,1D12_200722_792021_31.qgd,2021-07-09,30,after skip
Ihyb_12_210721_7282021_02.qgd,Ihyb_Corydalis_210728.txt,,2021,,,2,
Ihyb_17_210721_7282021_03.qgd,Ihyb_Corydalis_210728.txt,,2021,,,3,
Ihyb_19_210721_7282021_04.qgd,Ihyb_Corydalis_210728.txt,,2021,,,4,
Ihyb_5_210721_7282021_05.qgd,Ihyb_Corydalis_210728.txt,,2021,,,5,
Ihyb_8_210721_7282021_06.qgd,Ihyb_Corydalis_210728.txt,,2021,,,6,
Ihyb_6_210721_7282021_07.qgd,Ihyb_Corydalis_210728.txt,,2021,,,7,
Ihyb_7_210721_7282021_08.qgd,Ihyb_Corydalis_210728.txt,,2021,,,8,
Ihyb_13_210721_7282021_09.qgd,Ihyb_Corydalis_210728.txt,,2021,,,9,
Ihyb_14_210721_7282021_10.qgd,Ihyb_Corydalis_210728.txt,,2021,,,10,
Ihyb_15_210721_7282021_11.qgd,Ihyb_Corydalis_210728.txt,,2021,,,11,
Ihyb_16_210721_7282021_12.qgd,Ihyb_Corydalis_210728.txt,,2021,,,12,
Ihyb_4_210721_7282021_13.qgd,Ihyb_Corydalis_210728.txt,,2021,,,13,
Ihyb_2_210721_7282021_14.qgd,Ihyb_Corydalis_210728.txt,,2021,,,14,
Ihyb_3_210721_7282021_15.qgd,Ihyb_Corydalis_210728.txt,,2021,,,15,
Ihyb_1_210721_7282021_16.qgd,Ihyb_Corydalis_210728.txt,,2021,,,16,
Lagg_46_210715_7282021_17.qgd,Ihyb_Corydalis_210728.txt,,2021,,,17,
VF_2_210720_7282021_18.qgd,Ihyb_Corydalis_210728.txt,,2021,,,18,
SC_52_210715_7282021_19.qgd,Ihyb_Corydalis_210728.txt,,2021,,,19,
SC_53_210715_7282021_20.qgd,Ihyb_Corydalis_210728.txt,,2021,,,20,
Sterile_4_210721_7282021_22.qgd,Ihyb_Corydalis_210728.txt,,2021,,,22,
Yeast_5_210721_7282021_23.qgd,Ihyb_Corydalis_210728.txt,,2021,,,23,
Yeast_6_210721_7282021_24.qgd,Ihyb_Corydalis_210728.txt,,2021,,,24,
Yeast_7_210721_7282021_25.qgd,Ihyb_Corydalis_210728.txt,,2021,,,25,
Yeast_8_210721_7282021_26.qgd,Ihyb_Corydalis_210728.txt,,2021,,,26,
Yeast_10_210721_7282021_27.qgd,Ihyb_Corydalis_210728.txt,,2021,,,27,
Yeast_11_210721_7282021_28.qgd,Ihyb_Corydalis_210728.txt,,2021,,,28,
Sterile_5_210721_7282021_29.qgd,Ihyb_Corydalis_210728.txt,,2021,,,29,
Sterile_6_210721_7282021_30.qgd,Ihyb_Corydalis_210728.txt,,2021,,,30,
Sterile_8_210721_7282021_31.qgd,Ihyb_Corydalis_210728.txt,,2021,,,31,
Sterile_9_210721_7282021_32.qgd,Ihyb_Corydalis_210728.txt,,2021,,,32,
Sterile_10_210721_7282021_33.qgd,Ihyb_Corydalis_210728.txt,,2021,,,33,
Sterile_11_210721_7282021_34.qgd,Ihyb_Corydalis_210728.txt,,2021,,,34,
Veg_5_210721_7282021_35.qgd,Ihyb_Corydalis_210728.txt,,2021,,,35,
Ambient_6_210721_7282021_36.qgd,Ihyb_Corydalis_210728.txt,,2021,,,36,
SC_53_210715_7292021_17.qgd,Ihyb_Corydalis_210729.txt,,2021,,,17,
SC_66_210715_7292021_18.qgd,Ihyb_Corydalis_210729.txt,,2021,,,18,
SC_67_210715_7292021_19.qgd,Ihyb_Corydalis_210729.txt,,2021,,,19,
SC_68_210715_7292021_20.qgd,Ihyb_Corydalis_210729.txt,,2021,,,20,
Ambient_4_210719_redo_7292021_22.qgd,Ihyb_Corydalis_210729.txt,,2021,,,22,
M36_1_210721_redo_7292021_23.qgd,Ihyb_Corydalis_210729.txt,,2021,,,23,
Veg_4_210721_redo_7292021_24.qgd,Ihyb_Corydalis_210729.txt,,2021,,,24,
Sterile_6_210721_redo_7292021_25.qgd,Ihyb_Corydalis_210729.txt,,2021,,,25,
Sterile_8_210721_redo_7292021_26.qgd,Ihyb_Corydalis_210729.txt,,2021,,,26,
GNA_127_210730_7312021_02.qgd,Ihyb_Corydalis_210730.txt,,2021,,,2,
GNA_126_210730_7312021_03.qgd,Ihyb_Corydalis_210730.txt,,2021,,,3,
GNA_125_210730_7312021_04.qgd,Ihyb_Corydalis_210730.txt,,2021,,,4,
GNA_121_210730_7312021_05.qgd,Ihyb_Corydalis_210730.txt,,2021,,,5,
GNA_128_210730_7312021_06.qgd,Ihyb_Corydalis_210730.txt,,2021,,,6,
GNA_129_210730_7312021_07.qgd,Ihyb_Corydalis_210730.txt,,2021,,,7,
GNA_130_210730_7312021_08.qgd,Ihyb_Corydalis_210730.txt,,2021,,,8,
GNA_124_210730_7312021_09.qgd,Ihyb_Corydalis_210730.txt,,2021,,,9,
GNA_122_210730_7312021_10.qgd,Ihyb_Corydalis_210730.txt,,2021,,,10,
GNA_125_210730_7312021_11.qgd,Ihyb_Corydalis_210730.txt,,2021,,,11,
GNA_141_210730_7312021_12.qgd,Ihyb_Corydalis_210730.txt,,2021,,,12,
GNA_137_210730_7312021_13.qgd,Ihyb_Corydalis_210730.txt,,2021,,,13,
GNA_138_210730_7312021_14.qgd,Ihyb_Corydalis_210730.txt,,2021,,,14,
GNA_140_210730_7312021_15.qgd,Ihyb_Corydalis_210730.txt,,2021,,,15,
GNA_139_210730_7312021_16.qgd,Ihyb_Corydalis_210730.txt,,2021,,,16,
GNA_135_210730_7312021_17.qgd,Ihyb_Corydalis_210730.txt,,2021,,,17,
GNA_136_210730_7312021_18.qgd,Ihyb_Corydalis_210730.txt,,2021,,,18,
GNA_132_210730_7312021_19.qgd,Ihyb_Corydalis_210730.txt,,2021,,,19,
GNA_133_210730_7312021_20.qgd,Ihyb_Corydalis_210730.txt,,2021,,,20,
GNA_101_210729_812021_02.qgd,Ihyb_Corydalis_210731.txt,,2021,,,2,
GNA_102_210729_812021_03.qgd,Ihyb_Corydalis_210731.txt,,2021,,,3,
GNA_103_210729_812021_04.qgd,Ihyb_Corydalis_210731.txt,,2021,,,4,
GNA_104_210729_812021_05.qgd,Ihyb_Corydalis_210731.txt,,2021,,,5,
GNA_105_210729_812021_06.qgd,Ihyb_Corydalis_210731.txt,,2021,,,6,
GNA_106_210729_812021_07.qgd,Ihyb_Corydalis_210731.txt,,2021,,,7,
GNA_107_210729_812021_08.qgd,Ihyb_Corydalis_210731.txt,,2021,,,8,
GNA_108_210729_812021_09.qgd,Ihyb_Corydalis_210731.txt,,2021,,,9,
GNA_109_210729_812021_10.qgd,Ihyb_Corydalis_210731.txt,,2021,,,10,
GNA_110_210729_812021_11.qgd,Ihyb_Corydalis_210731.txt,,2021,,,11,
GNA_111_210729_812021_12.qgd,Ihyb_Corydalis_210731.txt,,2021,,,12,
GNA_112_210729_812021_13.qgd,Ihyb_Corydalis_210731.txt,,2021,,,13,
GNA_113_210729_812021_14.qgd,Ihyb_Corydalis_210731.txt,,2021,,,14,
GNA_114_210729_812021_15.qgd,Ihyb_Corydalis_210731.txt,,2021,,,15,
GNA_115_210729_812021_16.qgd,Ihyb_Corydalis_210731.txt,,2021,,,16,
GNA_116_210729_812021_17.qgd,Ihyb_Corydalis_210731.txt,,2021,,,17,
GNA_117_210729_812021_18.qgd,Ihyb_Corydalis_210731.txt,,2021,,,18,
GNA_118_210729_812021_19.qgd,Ihyb_Corydalis_210731.txt,,2021,,,19,
GNA_119_210729_812021_20.qgd,Ihyb_Corydalis_210731.txt,,2021,,,20,
GNA_1_210716_7182021_13.qgd,Ihyb_VF_210718.txt,,2021,,,13,
GNA_2_210716_7182021_14.qgd,Ihyb_VF_210718.txt,,2021,,,14,
GNA_3_210716_7182021_15.qgd,Ihyb_VF_210718.txt,,2021,,,15,
GNA_5_210716_7182021_16.qgd,Ihyb_VF_210718.txt,,2021,,,16,
GNA_4__210716_7182021_18.qgd,Ihyb_VF_210718.txt,,2021,,,18,
GNA_6__210716_7182021_19.qgd,Ihyb_VF_210718.txt,,2021,,,19,
GNA_7_210716_7192021_02.qgd,Ihyb_VF_210719.txt,,2021,,,2,
GNA_9_210716_7192021_04.qgd,Ihyb_VF_210719.txt,,2021,,,4,
GNA_8_210716_7192021_05.qgd,Ihyb_VF_210719.txt,,2021,,,5,
GNA_11_210716_7192021_06.qgd,Ihyb_VF_210719.txt,,2021,,,6,
GNA_12_210716_7192021_07.qgd,Ihyb_VF_210719.txt,,2021,,,7,
GNA_13_210716_7192021_08.qgd,Ihyb_VF_210719.txt,,2021,,,8,
GNA_14_210716_7192021_09.qgd,Ihyb_VF_210719.txt,,2021,,,9,
GNA_10_210716_7192021_10.qgd,Ihyb_VF_210719.txt,,2021,,,10,
GNA_15_210716_7192021_11.qgd,Ihyb_VF_210719.txt,,2021,,,11,
GNA_16_210716_7192021_12.qgd,Ihyb_VF_210719.txt,,2021,,,12,
GNA_33_210716_7192021_13.qgd,Ihyb_VF_210719.txt,,2021,,,13,
GNA_32_210716_7192021_14.qgd,Ihyb_VF_210719.txt,,2021,,,14,
GNA_34_210716_7192021_15.qgd,Ihyb_VF_210719.txt,,2021,,,15,
GNA_36_210716_7192021_16.qgd,Ihyb_VF_210719.txt,,2021,,,16,
GNA_35_210716_7192021_17.qgd,Ihyb_VF_210719.txt,,2021,,,17,
GNA_29_210716_7192021_18.qgd,Ihyb_VF_210719.txt,,2021,,,18,
GNA_24_210716_7192021_19.qgd,Ihyb_VF_210719.txt,,2021,,,19,
GNA_31_210716_7192021_20.qgd,Ihyb_VF_210719.txt,,2021,,,20,
Maxfield_10_210723_822021_06.qgd,Maxfield_210802.txt,,2021,,,6,
Maxfield_11_210723_822021_07.qgd,Maxfield_210802.txt,,2021,,,7,
Maxfield_12_210723_822021_08.qgd,Maxfield_210802.txt,,2021,,,8,
Maxfield_13_210723_822021_09.qgd,Maxfield_210802.txt,,2021,,,9,
Maxfield_14_210723_822021_10.qgd,Maxfield_210802.txt,,2021,,,10,
Maxfield_15_210723_822021_11.qgd,Maxfield_210802.txt,,2021,,,11,
Maxfield_16_210723_822021_12.qgd,Maxfield_210802.txt,,2021,,,12,
Maxfield_17_210723_822021_13.qgd,Maxfield_210802.txt,,2021,,,13,
Maxfield_18_210723_822021_14.qgd,Maxfield_210802.txt,,2021,,,14,
Maxfield_19_210723_822021_15.qgd,Maxfield_210802.txt,,2021,,,15,
Maxfield_1_210723_822021_16.qgd,Maxfield_210802.txt,,2021,,,16,
Maxfield_2_210723_822021_17.qgd,Maxfield_210802.txt,,2021,,,17,
Maxfield_3_210723_822021_18.qgd,Maxfield_210802.txt,,2021,,,18,
Maxfield_4_210723_822021_19.qgd,Maxfield_210802.txt,,2021,,,19,
Maxfield_5_210723_822021_20.qgd,Maxfield_210802.txt,,2021,,,20,
Maxfield_25_210723_822021_02.qgd,Maxfield_SC_210802b.txt,,2021,,,2,
Maxfield_27_210723_822021_03.qgd,Maxfield_SC_210802b.txt,,2021,,,3,
Maxfield_28_210723_822021_04.qgd,Maxfield_SC_210802b.txt,,2021,,,4,
Maxfield_20_210723_822021_05.qgd,Maxfield_SC_210802b.txt,,2021,,,5,
Maxfield_22_210723_822021_06.qgd,Maxfield_SC_210802b.txt,,2021,,,6,
Maxfield_23_210723_822021_07.qgd,Maxfield_SC_210802b.txt,,2021,,,7,
Maxfield_26_210723_822021_08.qgd,Maxfield_SC_210802b.txt,,2021,,,8,
Maxfield_24_210723_822021_09.qgd,Maxfield_SC_210802b.txt,,2021,,,9,
Maxfield_21_210723_822021_10.qgd,Maxfield_SC_210802b.txt,,2021,,,10,
Maxfield_21_210723_822021_10.qgd,Maxfield_SC_210802b.txt,,2021,,,10,leaked
SC_165_210728_822021_11.qgd,Maxfield_SC_210802b.txt,,2021,,,11,
SC_166_210723_822021_12.qgd,Maxfield_SC_210802b.txt,,2021,,,12,
SC_167_210723_822021_13.qgd,Maxfield_SC_210802b.txt,,2021,,,13,
SC_168_210723_822021_14.qgd,Maxfield_SC_210802b.txt,,2021,,,14,
SC_169_210723_822021_15.qgd,Maxfield_SC_210802b.txt,,2021,,,15,
SC_170_210723_822021_16.qgd,Maxfield_SC_210802b.txt,,2021,,,16,
SC_171_210723_822021_17.qgd,Maxfield_SC_210802b.txt,,2021,,,17,
SC_172_210723_822021_18.qgd,Maxfield_SC_210802b.txt,,2021,,,18,
SC_173_210723_822021_19.qgd,Maxfield_SC_210802b.txt,,2021,,,19,
SC_184_210723_822021_20.qgd,Maxfield_SC_210802b.txt,,2021,,,20,
blanklabel_210708_782021_25.qgd,maxfield210708.txt,,2021,,,25,
trapblank_9_210709_792021_22.qgd,maxfield210709.txt,,2021,,,22,
Microbial_standards_wafted_210720_7202021_01.qgd,Samples_210720.txt,,2021,,,1,
GNA_17_210716_7202021_18.qgd,Samples_210720.txt,,2021,,,18,
GNA_21_210716_7202021_19.qgd,Samples_210720.txt,,2021,,,19,
GNA_24_210716_7202021_20.qgd,Samples_210720.txt,,2021,,,20,
GNA_17_210716_redo_7272021_03.qgd,VF_210727.txt,,2021,,,3,
GNA_21_210716_redo_7272021_04.qgd,VF_210727.txt,,2021,,,4,
VF_10_210720_7272021_05.qgd,VF_210727.txt,,2021,,,5,
VF_20_210720_7272021_06.qgd,VF_210727.txt,,2021,,,6,
VF_11_210720_7272021_07.qgd,VF_210727.txt,,2021,,,7,
VF_12_210720_7272021_08.qgd,VF_210727.txt,,2021,,,8,
VF_13_210720_7272021_09.qgd,VF_210727.txt,,2021,,,9,
VF_14_210720_7272021_10.qgd,VF_210727.txt,,2021,,,10,
VF_15_210720_7272021_11.qgd,VF_210727.txt,,2021,,,11,
VF_16_210720_7272021_12.qgd,VF_210727.txt,,2021,,,12,
VF_17_210720_7272021_13.qgd,VF_210727.txt,,2021,,,13,
VF_18_210720_7272021_14.qgd,VF_210727.txt,,2021,,,14,
VF_19_210720_7272021_15.qgd,VF_210727.txt,,2021,,,15,
VF_5_210720_7272021_16.qgd,VF_210727.txt,,2021,,,16,
VF_3_210720_7272021_17.qgd,VF_210727.txt,,2021,,,17,
VF_4_210720_7272021_18.qgd,VF_210727.txt,,2021,,,18,
VF_1_210720_7272021_19.qgd,VF_210727.txt,,2021,,,19,
VF_21_210720_7272021_02.qgd,VF_Potentilla_210727b.txt,,2021,,,2,
VF_6_210720_7272021_03.qgd,VF_Potentilla_210727b.txt,,2021,,,3,
VF_8_210720_7272021_04.qgd,VF_Potentilla_210727b.txt,,2021,,,4,
VF_7_210720_7272021_05.qgd,VF_Potentilla_210727b.txt,,2021,,,5,
Ihyb_10_210721_7272021_06.qgd,VF_Potentilla_210727b.txt,,2021,,,6,
Ihyb_9_210721_7272021_07.qgd,VF_Potentilla_210727b.txt,,2021,,,7,
Ihyb_11_210721_7272021_08.qgd,VF_Potentilla_210727b.txt,,2021,,,8,
VF_14_210720_redo_7272021_09.qgd,VF_Potentilla_210727b.txt,,2021,,,9,
Aeven_POPU_1con_210727_7272021_10.qgd,VF_Potentilla_210727b.txt,,2021,,,10,
Aeven_POPU_2mesh_210727_7272021_11.qgd,VF_Potentilla_210727b.txt,,2021,,,11,
Aeven_POPU_3con_210727_7272021_12.qgd,VF_Potentilla_210727b.txt,,2021,,,12,
Aeven_POPU_4mesh_210727_7272021_13.qgd,VF_Potentilla_210727b.txt,,2021,,,13,
Aeven_POPU_5con_210727_7272021_14.qgd,VF_Potentilla_210727b.txt,,2021,,,14,
Aeven_POPU_6mesh_210727_7272021_15.qgd,VF_Potentilla_210727b.txt,,2021,,,15,
Aeven_POPU_7con_210727_7272021_16.qgd,VF_Potentilla_210727b.txt,,2021,,,16,
Aeven_POPU_8mesh_210727_7272021_17.qgd,VF_Potentilla_210727b.txt,,2021,,,17,
Aeven_POPU_9con_210727_7272021_18.qgd,VF_Potentilla_210727b.txt,,2021,,,18,
Aeven_POPU_10mesh_210727_7272021_19.qgd,VF_Potentilla_210727b.txt,,2021,,,19,
Aeven_POPU_11air_210727_7272021_20.qgd,VF_Potentilla_210727b.txt,,2021,,,20,
Blank1_762021_01.qgd,corydalis210706.txt,,,,,1,
Corydalis_200727_1_762021_02.qgd,corydalis210706.txt,,,,,2,
Corydalis_200727_2_762021_03.qgd,corydalis210706.txt,,,,,3,
Corydalis_200727_3_762021_04.qgd,corydalis210706.txt,,,,,4,
Corydalis_200727_6_762021_05.qgd,corydalis210706.txt,,,,,5,
Corydalis_200727_8_762021_06.qgd,corydalis210706.txt,,,,,6,
Corydalis_200727_10_762021_07.qgd,corydalis210706.txt,,,,,7,
Corydalis_200727_12_762021_08.qgd,corydalis210706.txt,,,,,8,
Blank1_7282021_01.qgd,Ihyb_Corydalis_210728.txt,,,,,1,
Blank2_7282021_21.qgd,Ihyb_Corydalis_210728.txt,,,,,21,
Blank1_7292021_01.qgd,Ihyb_Corydalis_210729.txt,,,,,1,
Blank2_7292021_21.qgd,Ihyb_Corydalis_210729.txt,,,,,21,
Blank1_7312021_01.qgd,Ihyb_Corydalis_210730.txt,,,,,1,
Blank1_812021_01.qgd,Ihyb_Corydalis_210731.txt,,,,,1,
Blank1_7162021_01.qgd,Ihyb_VF_210716.txt,,,,,1,
M13_1_07162021_7162021_02.qgd,Ihyb_VF_210716.txt,,,,,2,
M13_2_07162021_7162021_03.qgd,Ihyb_VF_210716.txt,,,,,3,
M14_1_07162021_7162021_04.qgd,Ihyb_VF_210716.txt,,,,,4,
M14_2_07162021_7162021_05.qgd,Ihyb_VF_210716.txt,,,,,5,
M15_1_07162021_7162021_06.qgd,Ihyb_VF_210716.txt,,,,,6,
M15_2_07162021_7162021_07.qgd,Ihyb_VF_210716.txt,,,,,7,
M16_1_07162021_7162021_08.qgd,Ihyb_VF_210716.txt,,,,,8,
M16_2_07162021_7162021_09.qgd,Ihyb_VF_210716.txt,,,,,9,
Veg_M2_07162021_7162021_10.qgd,Ihyb_VF_210716.txt,,,,,10,
Ambient_M2_07162021_7162021_11.qgd,Ihyb_VF_210716.txt,,,,,11,
No_Drierite_3_07162021_7162021_12.qgd,Ihyb_VF_210716.txt,,,,,12,
No_Drierite_4_07162021_7162021_13.qgd,Ihyb_VF_210716.txt,,,,,13,
No_Drierite_2_07152021_7162021_14.qgd,Ihyb_VF_210716.txt,,,,,14,
Blank2_7162021_15.qgd,Ihyb_VF_210716.txt,,,,,15,
VF_air_JP_200717_7162021_16.qgd,Ihyb_VF_210716.txt,,,,,16,
25_line_Ihyb_200715_7162021_17.qgd,Ihyb_VF_210716.txt,,,,,17,
26_384_Ihyb_200715_7162021_18.qgd,Ihyb_VF_210716.txt,,,,,18,
line_2217_Ihyb_200715_7162021_19.qgd,Ihyb_VF_210716.txt,,,,,19,
13_397_Ihyb_200715_7162021_20.qgd,Ihyb_VF_210716.txt,,,,,20,
7_2228_Ihyb_200715_7162021_21.qgd,Ihyb_VF_210716.txt,,,,,21,
12_398_Ihyb_200715_7162021_22.qgd,Ihyb_VF_210716.txt,,,,,22,
14_396_Ihyb_200715_7162021_23.qgd,Ihyb_VF_210716.txt,,,,,23,
16_394_Ihyb_200715_7162021_24.qgd,Ihyb_VF_210716.txt,,,,,24,
15_395_Ihyb_200715_7162021_25.qgd,Ihyb_VF_210716.txt,,,,,25,
air_JP_Ihyb_200715_7162021_26.qgd,Ihyb_VF_210716.txt,,,,,26,
VF_16_200717_7162021_27.qgd,Ihyb_VF_210716.txt,,,,,27,
VF_7_200717_7162021_28.qgd,Ihyb_VF_210716.txt,,,,,28,
VF_14_200717_7162021_29.qgd,Ihyb_VF_210716.txt,,,,,29,
VF_13_200717_7162021_30.qgd,Ihyb_VF_210716.txt,,,,,30,
VF_11_200717_7162021_31.qgd,Ihyb_VF_210716.txt,,,,,31,
VF_22_200717_7162021_32.qgd,Ihyb_VF_210716.txt,,,,,32,
Blank1_7172021_01.qgd,Ihyb_VF_210717.txt,,,,,1,
SE3U_200724_7172021_02.qgd,Ihyb_VF_210717.txt,,,,,2,
SE3D_200724_7172021_03.qgd,Ihyb_VF_210717.txt,,,,,3,
SE5U_200724_7172021_04.qgd,Ihyb_VF_210717.txt,,,,,4,
SE5D_200724_7172021_05.qgd,Ihyb_VF_210717.txt,,,,,5,
SE7U_200724_7172021_06.qgd,Ihyb_VF_210717.txt,,,,,6,
SE75_200724_7172021_07.qgd,Ihyb_VF_210717.txt,,,,,7,
airST1_200724_7172021_08.qgd,Ihyb_VF_210717.txt,,,,,8,
airST2_200724_7172021_09.qgd,Ihyb_VF_210717.txt,,,,,9,
SP9U_200724_7172021_10.qgd,Ihyb_VF_210717.txt,,,,,10,
SP9D_200724_7172021_11.qgd,Ihyb_VF_210717.txt,,,,,11,
SP11U_200724_7172021_12.qgd,Ihyb_VF_210717.txt,,,,,12,
SP11D_200724_7172021_13.qgd,Ihyb_VF_210717.txt,,,,,13,
SP1U_200724_7172021_14.qgd,Ihyb_VF_210717.txt,,,,,14,
SP1D_200724_7172021_15.qgd,Ihyb_VF_210717.txt,,,,,15,
SP2U_200724_7172021_16.qgd,Ihyb_VF_210717.txt,,,,,16,
SP2D_200724_7172021_17.qgd,Ihyb_VF_210717.txt,,,,,17,
SE4U_200724_7172021_18.qgd,Ihyb_VF_210717.txt,,,,,18,
SE4D_200724_7172021_19.qgd,Ihyb_VF_210717.txt,,,,,19,
SE6D_200724_7172021_20.qgd,Ihyb_VF_210717.txt,,,,,20,
Blank1_7182021_01.qgd,Ihyb_VF_210718.txt,,,,,1,
SE10U_200724_7182021_02.qgd,Ihyb_VF_210718.txt,,,,,2,
SE10D_200724_7182021_03.qgd,Ihyb_VF_210718.txt,,,,,3,
SP12U_200724_7182021_04.qgd,Ihyb_VF_210718.txt,,,,,4,
SP12D_200724_7182021_05.qgd,Ihyb_VF_210718.txt,,,,,5,
SP14U_200724_7182021_06.qgd,Ihyb_VF_210718.txt,,,,,6,
SP14D_200724_7182021_07.qgd,Ihyb_VF_210718.txt,,,,,7,
air3_200724_7182021_08.qgd,Ihyb_VF_210718.txt,,,,,8,
air4_200724_7182021_09.qgd,Ihyb_VF_210718.txt,,,,,9,
SE6D_200724_7182021_10.qgd,Ihyb_VF_210718.txt,,,,,10,
SP8U_200724_7182021_11.qgd,Ihyb_VF_210718.txt,,,,,11,
SP8D_200724_7182021_12.qgd,Ihyb_VF_210718.txt,,,,,12,
SP2D_200724_redo_7182021_17.qgd,Ihyb_VF_210718.txt,,,,,17,
SE6D_200724_redo_7182021_20.qgd,Ihyb_VF_210718.txt,,,,,20,
Blank2_7182021_21.qgd,Ihyb_VF_210718.txt,,,,,21,
M25_1_07172021_7182021_22.qgd,Ihyb_VF_210718.txt,,,,,22,
M25_2_07172021_7182021_23.qgd,Ihyb_VF_210718.txt,,,,,23,
M18_1_07172021_7182021_24.qgd,Ihyb_VF_210718.txt,,,,,24,
M18_2_07172021_7182021_25.qgd,Ihyb_VF_210718.txt,,,,,25,
M23_1_07172021_7182021_26.qgd,Ihyb_VF_210718.txt,,,,,26,
M23_2_07172021_7182021_27.qgd,Ihyb_VF_210718.txt,,,,,27,
M17_1_07172021_7182021_28.qgd,Ihyb_VF_210718.txt,,,,,28,
M17_2_07172021_7182021_29.qgd,Ihyb_VF_210718.txt,,,,,29,
M21_1_07172021_7182021_30.qgd,Ihyb_VF_210718.txt,,,,,30,
M21_2_07172021_7182021_31.qgd,Ihyb_VF_210718.txt,,,,,31,
Ambient_M3_07172021_7182021_32.qgd,Ihyb_VF_210718.txt,,,,,32,
Field_Blank_1_07172021_7182021_33.qgd,Ihyb_VF_210718.txt,,,,,33,
No_Drierite_2_07152021_redo_7182021_34.qgd,Ihyb_VF_210718.txt,,,,,34,
Blank1_7192021_01.qgd,Ihyb_VF_210719.txt,,,,,1,
SE10D_200724_redo_7192021_03.qgd,Ihyb_VF_210719.txt,,,,,3,
Blank1_822021_01.qgd,Maxfield_210802.txt,,,,,1,
Blank1_822021_01.qgd,Maxfield_210802.txt,,,,,1,
Blank1_822021_02.qgd,Maxfield_SC_210802b.txt,,,,,2,
Blank1_752021_01.qgd,maxfield210705.txt,,,,,1,
Blank1_752021_02.qgd,maxfield210705b.txt,,,,,2,
Corydalis_200727_12_redo_762021_08.qgd,maxfield210706b.txt,,,,,8,
Blank1_772021_01.qgd,maxfield210707.txt,,,,,1,
Blank2_772021_21.qgd,maxfield210707.txt,,,,,21,
Blank1_782021_01.qgd,maxfield210708.txt,,,,,1,
Blank2_782021_21.qgd,maxfield210708.txt,,,,,21,
VF_17_125_200717_782021_35.qgd,maxfield210708.txt,,,,,35,
Ihyb_30_380_200721_782021_36.qgd,maxfield210708.txt,,,,,36,
Blank1_792021_01.qgd,maxfield210709.txt,,,,,1,
Blank2_792021_21.qgd,maxfield210709.txt,,,,,21,
Blank1_7112021_01.qgd,maxfield210711.txt,,,,,1,
Blank2_7112021_21.qgd,maxfield210711.txt,,,,,21,
airST_200722_7112021_28.qgd,maxfield210711.txt,,,,,28,
Blank1_7122021_01.qgd,maxfield210712.txt,,,,,1,
airST_200729_7122021_14.qgd,maxfield210712.txt,,,,,14,
Blank2_7122021_21.qgd,maxfield210712.txt,,,,,21,
tubeblank_7122021_36.qgd,maxfield210712.txt,,,,,36,
Conditioning_21_7132021_01.qgd,maxfield210713.txt,,,,,1,
Conditioning_22_7132021_02.qgd,maxfield210713.txt,,,,,2,
Conditioning_23_7132021_03.qgd,maxfield210713.txt,,,,,3,
Conditioning_24_7132021_04.qgd,maxfield210713.txt,,,,,4,
Conditioning_25_7132021_05.qgd,maxfield210713.txt,,,,,5,
Conditioning_26_7132021_06.qgd,maxfield210713.txt,,,,,6,
Conditioning_27_7132021_07.qgd,maxfield210713.txt,,,,,7,
Conditioning_28_7132021_08.qgd,maxfield210713.txt,,,,,8,
Conditioning_29_7132021_09.qgd,maxfield210713.txt,,,,,9,
Blank1_7142021_01.qgd,maxfield210714.txt,,,,,1,
27_383_Ihyb_200716_7142021_02.qgd,maxfield210714.txt,,,,,2,
28_382_Ihyb_200716_7142021_03.qgd,maxfield210714.txt,,,,,3,
20_390_Ihyb_200716_7142021_04.qgd,maxfield210714.txt,,,,,4,
21_389_Ihyb_200716_7142021_05.qgd,maxfield210714.txt,,,,,5,
23_387_Ihyb_200716_7142021_06.qgd,maxfield210714.txt,,,,,6,
5_line__Ihyb_200716_7142021_07.qgd,maxfield210714.txt,,,,,7,
6_line_Ihyb_200716_7142021_08.qgd,maxfield210714.txt,,,,,8,
air_ST_Ihyb_200716_7142021_09.qgd,maxfield210714.txt,,,,,9,
line_381_Ihyb_200716_7142021_10.qgd,maxfield210714.txt,,,,,10,
line_2283_Ihyb_200716_7142021_11.qgd,maxfield210714.txt,,,,,11,
15_395_Ihyb_200721_7142021_12.qgd,maxfield210714.txt,,,,,12,
6_2245_Ihyb_200721_7142021_13.qgd,maxfield210714.txt,,,,,13,
14_396_Ihyb_200721_7142021_14.qgd,maxfield210714.txt,,,,,14,
8_2294_Ihyb_200721_7142021_15.qgd,maxfield210714.txt,,,,,15,
18_392_Ihyb_200721_7142021_16.qgd,maxfield210714.txt,,,,,16,
12_398_Ihyb_200721_7142021_17.qgd,maxfield210714.txt,,,,,17,
air_JP_Ihyb_200721_7142021_18.qgd,maxfield210714.txt,,,,,18,
nolabel_Ihyb_200721_7142021_19.qgd,maxfield210714.txt,,,,,19,
5_Ihyb_nodate_7142021_20.qgd,maxfield210714.txt,,,,,20,
Blank1_7152021_01.qgd,maxfield210715.txt,,,,,1,
3015_Ihyb_nodate_7152021_02.qgd,maxfield210715.txt,,,,,2,
400_Ihyb_nodate_7152021_03.qgd,maxfield210715.txt,,,,,3,
2200_Ihyb_nodate_7152021_04.qgd,maxfield210715.txt,,,,,4,
28_382_Ihyb_200721_7152021_05.qgd,maxfield210715.txt,,,,,5,
27_383_Ihyb_200721_7152021_06.qgd,maxfield210715.txt,,,,,6,
25_385_Ihyb_200721_7152021_07.qgd,maxfield210715.txt,,,,,7,
384_Ihyb_Ihyb_200721_7152021_08.qgd,maxfield210715.txt,,,,,8,
387_Ihyb_200721_7152021_09.qgd,maxfield210715.txt,,,,,9,
air_ST_Ihyb_200721_7152021_10.qgd,maxfield210715.txt,,,,,10,
389_Ihyb_200721_7152021_11.qgd,maxfield210715.txt,,,,,11,
7_228_Ihyb_200721_7152021_12.qgd,maxfield210715.txt,,,,,12,
399_Ihyb_200721_7152021_13.qgd,maxfield210715.txt,,,,,13,
2282_Ihyb_200721_7152021_14.qgd,maxfield210715.txt,,,,,14,
2283_Ihyb_200721_7152021_15.qgd,maxfield210715.txt,,,,,15,
VF_4_129_200717_7152021_16.qgd,maxfield210715.txt,,,,,16,
VF_3_32_200717_7152021_17.qgd,maxfield210715.txt,,,,,17,
VF_21_129_200717_7152021_18.qgd,maxfield210715.txt,,,,,18,
VF_9_117_200717_7152021_19.qgd,maxfield210715.txt,,,,,19,
VF_10_118_200717_7152021_20.qgd,maxfield210715.txt,,,,,20,
Blank2_7152021_21.qgd,maxfield210715.txt,,,,,21,
M7_1_07152021_7152021_22.qgd,maxfield210715.txt,,,,,22,
M7_2_07152021_7152021_23.qgd,maxfield210715.txt,,,,,23,
M8_1_07152021_7152021_24.qgd,maxfield210715.txt,,,,,24,
M8_2_07152021_7152021_25.qgd,maxfield210715.txt,,,,,25,
M9_1_07152021_7152021_26.qgd,maxfield210715.txt,,,,,26,
M9_2_07152021_7152021_27.qgd,maxfield210715.txt,,,,,27,
M10_1_07152021_7152021_28.qgd,maxfield210715.txt,,,,,28,
M10_2_07152021_7152021_29.qgd,maxfield210715.txt,,,,,29,
M11_1_07152021_7152021_30.qgd,maxfield210715.txt,,,,,30,
M11_2_07152021_7152021_31.qgd,maxfield210715.txt,,,,,31,
M12_1_07152021_7152021_32.qgd,maxfield210715.txt,,,,,32,
M12_2_07152021_7152021_33.qgd,maxfield210715.txt,,,,,33,
Veg_07152021_7152021_34.qgd,maxfield210715.txt,,,,,34,
Ambient_07152021_7152021_35.qgd,maxfield210715.txt,,,,,35,
No_Drierite_1_07152021_7152021_36.qgd,maxfield210715.txt,,,,,36,
Blank1_7202021_02.qgd,Samples_210720.txt,,,,,2,
M33_1_07192021_7202021_03.qgd,Samples_210720.txt,,,,,3,
M33_2_07192021_7202021_04.qgd,Samples_210720.txt,,,,,4,
M34_1_07192021_7202021_05.qgd,Samples_210720.txt,,,,,5,
M34_2_07192021_7202021_06.qgd,Samples_210720.txt,,,,,6,
M32_1_07192021_7202021_07.qgd,Samples_210720.txt,,,,,7,
M32_2_07192021_7202021_08.qgd,Samples_210720.txt,,,,,8,
M35_1_07192021_7202021_09.qgd,Samples_210720.txt,,,,,9,
M35_2_07192021_7202021_10.qgd,Samples_210720.txt,,,,,10,
M30_1_07192021_7202021_11.qgd,Samples_210720.txt,,,,,11,
M30_2_07192021_7202021_12.qgd,Samples_210720.txt,,,,,12,
M31_1_07192021_7202021_13.qgd,Samples_210720.txt,,,,,13,
M31_2_07192021_7202021_14.qgd,Samples_210720.txt,,,,,14,
Vegetative_3_07192021_7202021_15.qgd,Samples_210720.txt,,,,,15,
Ambient_4_07192021_7202021_16.qgd,Samples_210720.txt,,,,,16,
Blank2_7202021_17.qgd,Samples_210720.txt,,,,,17,
Blank1_7222021_01.qgd,Samples_210721.txt,,,,,1,
Blank1_7222021_02.qgd,Samples_210722.txt,,,,,2,
Blank1_7232021_01.qgd,Samples_210723.txt,,,,,1,
STD3uL0.0001rep1_7232021_01.qgd,Stds_210723.txt,,,,,1,
STD3uL0.0001rep2_7232021_02.qgd,Stds_210723.txt,,,,,2,
STD3uL0.0001rep3_7232021_03.qgd,Stds_210723.txt,,,,,3,
STD3uL0.001rep1_7232021_04.qgd,Stds_210723.txt,,,,,4,
STD3uL0.001rep2_7232021_05.qgd,Stds_210723.txt,,,,,5,
STD3uL0.001rep3_7232021_06.qgd,Stds_210723.txt,,,,,6,
STD3uL0.01rep1_7232021_07.qgd,Stds_210723.txt,,,,,7,
STD3uL0.01rep2_7232021_08.qgd,Stds_210723.txt,,,,,8,
STD3uL0.01rep3_7232021_09.qgd,Stds_210723.txt,,,,,9,
STD3uL0.1rep1_7232021_10.qgd,Stds_210723.txt,,,,,10,
STD3uL0.1rep2_7232021_11.qgd,Stds_210723.txt,,,,,11,
STD3uL0.01rep1_redo_7272021_01.qgd,VF_210727.txt,,,,,1,
Blank1_7272021_02.qgd,VF_210727.txt,,,,,2,
Blank1_7272021_01.qgd,VF_Potentilla_210727b.txt,,,,,1,
Blank2_7272021_21.qgd,VF_Potentilla_210727b.txt,,,,,21,
Corydalis_Tube21_7272021_22.qgd,VF_Potentilla_210727b.txt,,,,,22,
Corydalis_Tube22_7272021_23.qgd,VF_Potentilla_210727b.txt,,,,,23,
Corydalis_Tube23_7272021_24.qgd,VF_Potentilla_210727b.txt,,,,,24,
Corydalis_Tube24_7272021_25.qgd,VF_Potentilla_210727b.txt,,,,,25,
Corydalis_Tube25_7272021_26.qgd,VF_Potentilla_210727b.txt,,,,,26,
Corydalis_Tube26_7272021_27.qgd,VF_Potentilla_210727b.txt,,,,,27,
Corydalis_Tube27_7272021_28.qgd,VF_Potentilla_210727b.txt,,,,,28,
Corydalis_Tube28_7272021_29.qgd,VF_Potentilla_210727b.txt,,,,,29,
Corydalis_Tube29_7272021_30.qgd,VF_Potentilla_210727b.txt,,,,,30,
Corydalis_Tube30_7272021_31.qgd,VF_Potentilla_210727b.txt,,,,,31,
Corydalis_Tube31_7272021_32.qgd,VF_Potentilla_210727b.txt,,,,,32,
Corydalis_Tube32_7272021_33.qgd,VF_Potentilla_210727b.txt,,,,,33,
Corydalis_Tube33_7272021_34.qgd,VF_Potentilla_210727b.txt,,,,,34,
Corydalis_Tube34_7272021_35.qgd,VF_Potentilla_210727b.txt,,,,,35,